{"version": {"json_export": "202", "page_segmentation": "5", "schema": "1.1.0", "structure": "1.1085.0", "table_structure": "5"}, "extended_metadata": {"ID_instance": "3C 3E E3 40 C8 B9 B2 11 0A 00 67 45 8B 6B C6 23 ", "ID_permanent": "34 42 20 41 41 20 45 31 20 34 30 20 43 38 20 42 39 20 42 32 20 31 31 20 30 41 20 30 30 20 36 37 20 34 35 20 38 42 20 36 42 20 43 36 20 32 33 20 ", "has_acroform": false, "has_embedded_files": false, "is_XFA": false, "is_certified": false, "is_encrypted": false, "is_digitally_signed": false, "language": "en", "page_count": 2, "pdf_version": "1.6", "pdfa_compliance_level": "", "pdfua_compliance_level": ""}, "elements": [{"Bounds": [247.35000610351562, 695.7200012207031, 370.19000244140625, 718.6799926757812], "Font": {"alt_family_name": "Calibri", "embedded": true, "encoding": "Identity-H", "family_name": "Calibri", "font_type": "CIDFontType2", "italic": false, "monospaced": false, "name": "BCDEEE+Calibri-Light", "subset": true, "weight": 300}, "HasClip": true, "Lang": "en", "ObjectID": 387, "Page": 0, "Path": "//Document/Sect/Title", "Text": "CS3216/AI5203 ", "TextSize": 20.0, "attributes": {"LineHeight": 24, "TextAlign": "Center"}}, {"Bounds": [235.10000610351562, 671.4700012207031, 382.8000030517578, 694.4299926757812], "Font": {"alt_family_name": "Calibri", "embedded": true, "encoding": "Identity-H", "family_name": "Calibri", "font_type": "CIDFontType2", "italic": false, "monospaced": false, "name": "BCDEEE+Calibri-Light", "subset": true, "weight": 300}, "HasClip": true, "Lang": "en", "ObjectID": 388, "Page": 0, "Path": "//Document/Sect[2]/H1", "Text": "Assignment 3- NLP ", "TextSize": 20.0, "attributes": {"LineHeight": 24, "TextAlign": "Center"}}, {"Bounds": [72.02499389648438, 652.5749969482422, 227.4240264892578, 669.4499969482422], "Font": {"alt_family_name": "Calibri", "embedded": true, "encoding": "WinAnsiEncoding", "family_name": "Calibri", "font_type": "TrueType", "italic": false, "monospaced": false, "name": "BCDHEE+Calibri", "subset": true, "weight": 400}, "HasClip": true, "Lang": "en", "ObjectID": 389, "Page": 0, "Path": "//Document/Sect[2]/P", "Text": "Deadline: 7th april, 2024 ", "TextSize": 15.5, "attributes": {"LineHeight": 18.625, "SpaceAfter": 6.25}}, {"Bounds": [396.1699981689453, 652.5749969482422, 499.40611267089844, 668.0749969482422], "Font": {"alt_family_name": "Calibri", "embedded": true, "encoding": "WinAnsiEncoding", "family_name": "Calibri", "font_type": "TrueType", "italic": false, "monospaced": false, "name": "BCDHEE+Calibri", "subset": true, "weight": 400}, "HasClip": true, "Lang": "en", "ObjectID": 391, "Page": 0, "Path": "//Document/Sect[2]/P[2]", "Text": "Time: 11:59 PM ", "TextSize": 15.5, "attributes": {"LineHeight": 18.625, "SpaceAfter": 6.25}}, {"Bounds": [72.02499389648438, 624.0749969482422, 183.4741668701172, 639.5749969482422], "Font": {"alt_family_name": "Calibri", "embedded": true, "encoding": "WinAnsiEncoding", "family_name": "Calibri", "font_type": "TrueType", "italic": false, "monospaced": false, "name": "BCDGEE+Calibri-Bold", "subset": true, "weight": 700}, "HasClip": true, "Lang": "en", "ObjectID": 392, "Page": 0, "Path": "//Document/Sect[3]/H1", "Text": "Total Marks: 100 ", "TextSize": 15.5, "attributes": {"LineHeight": 18.625}}, {"Bounds": [72.02499389648438, 595.5749969482422, 164.57595825195312, 611.0749969482422], "Font": {"alt_family_name": "Calibri", "embedded": true, "encoding": "WinAnsiEncoding", "family_name": "Calibri", "font_type": "TrueType", "italic": false, "monospaced": false, "name": "BCDGEE+Calibri-Bold", "subset": true, "weight": 700}, "HasClip": true, "Lang": "en", "ObjectID": 336, "Page": 0, "Path": "//Document/Sect[4]/H1", "Text": "Instructions: - ", "TextSize": 15.5, "attributes": {"LineHeight": 18.625}}, {"Bounds": [90.05000305175781, 567.0410003662109, 101.05499267578125, 584.3390045166016], "Font": {"alt_family_name": "Symbol", "embedded": true, "encoding": "Identity-H", "family_name": "Symbol MT", "font_type": "CIDFontType2", "italic": false, "monospaced": false, "name": "SymbolMT", "subset": false, "weight": 400}, "HasClip": true, "ObjectID": 368, "Page": 0, "Path": "//Document/Sect[4]/L/LI/Lbl", "Text": "\u2022 ", "TextSize": 15.5}, {"Bounds": [108.05000305175781, 566.5449981689453, 473.21449279785156, 584.3390045166016], "Font": {"alt_family_name": "Calibri", "embedded": true, "encoding": "Identity-H", "family_name": "Calibri", "font_type": "CIDFontType2", "italic": false, "monospaced": false, "name": "BCDIEE+Calibri", "subset": true, "weight": 400}, "HasClip": true, "ObjectID": 369, "Page": 0, "Path": "//Document/Sect[4]/L/LI/LBody", "Text": "Please don\u2019t copy from the internet or any other student. ", "TextSize": 15.5}, {"Bounds": [90.05000305175781, 546.0410003662109, 101.05499267578125, 563.3390045166016], "Font": {"alt_family_name": "Symbol", "embedded": true, "encoding": "Identity-H", "family_name": "Symbol MT", "font_type": "CIDFontType2", "italic": false, "monospaced": false, "name": "SymbolMT", "subset": false, "weight": 400}, "HasClip": true, "ObjectID": 357, "Page": 0, "Path": "//Document/Sect[4]/L/LI[2]/Lbl", "Text": "\u2022 ", "TextSize": 15.5}, {"Bounds": [108.05000305175781, 545.5449981689453, 472.4729461669922, 561.0449981689453], "Font": {"alt_family_name": "Calibri", "embedded": true, "encoding": "WinAnsiEncoding", "family_name": "Calibri", "font_type": "TrueType", "italic": false, "monospaced": false, "name": "BCDHEE+Calibri", "subset": true, "weight": 400}, "HasClip": true, "ObjectID": 359, "Page": 0, "Path": "//Document/Sect[4]/L/LI[2]/LBody/ParagraphSpan", "Text": "Plagiarism will thoroughly be checked for all submissions. ", "TextSize": 15.5}, {"Bounds": [126.05000305175781, 525.7910003662109, 139.22500610351562, 543.0890045166016], "Font": {"alt_family_name": "Courier New PSMT", "embedded": true, "encoding": "WinAnsiEncoding", "family_name": "Courier New PSMT", "font_type": "TrueType", "italic": false, "monospaced": false, "name": "BCDJEE+CourierNewPSMT", "subset": true, "weight": 400}, "HasClip": true, "ObjectID": 363, "Page": 0, "Path": "//Document/Sect[4]/L/LI[2]/LBody/L/LI/Lbl", "Text": "o ", "TextSize": 15.5}, {"Bounds": [280.97999572753906, 523.6399993896484, 440.3389434814453, 543.8999938964844], "ClipBounds": [280.97999572753906, 523.6399993896484, 438.6199951171875, 543.8999938964844], "Font": {"alt_family_name": "Calibri", "embedded": true, "encoding": "WinAnsiEncoding", "family_name": "Calibri", "font_type": "TrueType", "italic": false, "monospaced": false, "name": "BCDHEE+Calibri", "subset": true, "weight": 400}, "HasClip": true, "ObjectID": 246, "Page": 0, "Path": "//Document/Sect[4]/L/LI[2]/LBody/L/LI/LBody/StyleSpan/Reference", "Text": "Academic Unfair means. ", "TextSize": 15.5}, {"Bounds": [144.0500030517578, 523.6399993896484, 440.3389434814453, 543.8999938964844], "ClipBounds": [280.97999572753906, 523.6399993896484, 438.6199951171875, 543.8999938964844], "Font": {"alt_family_name": "Calibri", "embedded": true, "encoding": "WinAnsiEncoding", "family_name": "Calibri", "font_type": "TrueType", "italic": false, "monospaced": false, "name": "BCDHEE+Calibri", "subset": true, "weight": 400}, "HasClip": true, "ObjectID": 364, "Page": 0, "Path": "//Document/Sect[4]/L/LI[2]/LBody/L/LI/LBody", "Text": "Refer to the policy on ", "TextSize": 15.5}, {"Bounds": [90.05000305175781, 504.77099609375, 101.05499267578125, 522.0690002441406], "Font": {"alt_family_name": "Symbol", "embedded": true, "encoding": "Identity-H", "family_name": "Symbol MT", "font_type": "CIDFontType2", "italic": false, "monospaced": false, "name": "SymbolMT", "subset": false, "weight": 400}, "HasClip": true, "ObjectID": 354, "Page": 0, "Path": "//Document/Sect[4]/L/LI[3]/Lbl", "Text": "\u2022 ", "TextSize": 15.5}, {"Bounds": [108.05000305175781, 483.7749938964844, 506.88453674316406, 519.7749938964844], "Font": {"alt_family_name": "Calibri", "embedded": true, "encoding": "WinAnsiEncoding", "family_name": "Calibri", "font_type": "TrueType", "italic": false, "monospaced": false, "name": "BCDHEE+Calibri", "subset": true, "weight": 400}, "HasClip": true, "ObjectID": 355, "Page": 0, "Path": "//Document/Sect[4]/L/LI[3]/LBody", "Text": "You may use any libraries but it should be done in pytorch. No other frameworks will be allowed ", "TextSize": 15.5}, {"Bounds": [90.05000305175781, 463.27099609375, 101.05499267578125, 480.5690002441406], "Font": {"alt_family_name": "Symbol", "embedded": true, "encoding": "Identity-H", "family_name": "Symbol MT", "font_type": "CIDFontType2", "italic": false, "monospaced": false, "name": "SymbolMT", "subset": false, "weight": 400}, "HasClip": true, "ObjectID": 351, "Page": 0, "Path": "//Document/Sect[4]/L/LI[4]/Lbl", "Text": "\u2022 ", "TextSize": 15.5}, {"Bounds": [108.05000305175781, 462.7749938964844, 367.24110412597656, 478.2749938964844], "Font": {"alt_family_name": "Calibri", "embedded": true, "encoding": "WinAnsiEncoding", "family_name": "Calibri", "font_type": "TrueType", "italic": false, "monospaced": false, "name": "BCDHEE+Calibri", "subset": true, "weight": 400}, "HasClip": true, "ObjectID": 352, "Page": 0, "Path": "//Document/Sect[4]/L/LI[4]/LBody", "Text": "Allowed Programming Language: Python ", "TextSize": 15.5}, {"Bounds": [90.05000305175781, 442.27099609375, 101.05499267578125, 459.5690002441406], "Font": {"alt_family_name": "Symbol", "embedded": true, "encoding": "Identity-H", "family_name": "Symbol MT", "font_type": "CIDFontType2", "italic": false, "monospaced": false, "name": "SymbolMT", "subset": false, "weight": 400}, "HasClip": true, "ObjectID": 348, "Page": 0, "Path": "//Document/Sect[4]/L/LI[5]/Lbl", "Text": "\u2022 ", "TextSize": 15.5}, {"Bounds": [108.05000305175781, 441.7749938964844, 476.3446044921875, 457.2749938964844], "Font": {"alt_family_name": "Calibri", "embedded": true, "encoding": "WinAnsiEncoding", "family_name": "Calibri", "font_type": "TrueType", "italic": false, "monospaced": false, "name": "BCDHEE+Calibri", "subset": true, "weight": 400}, "HasClip": true, "ObjectID": 349, "Page": 0, "Path": "//Document/Sect[4]/L/LI[5]/LBody", "Text": "It is recommended to use Jupyter Notebook/Google colab ", "TextSize": 15.5}, {"Bounds": [90.05000305175781, 421.0010070800781, 101.05499267578125, 438.2989959716797], "Font": {"alt_family_name": "Symbol", "embedded": true, "encoding": "Identity-H", "family_name": "Symbol MT", "font_type": "CIDFontType2", "italic": false, "monospaced": false, "name": "SymbolMT", "subset": false, "weight": 400}, "HasClip": true, "ObjectID": 370, "Page": 0, "Path": "//Document/Sect[4]/L/LI[6]/Lbl", "Text": "\u2022 ", "TextSize": 15.5}, {"Bounds": [213.61000061035156, 419.0299987792969, 464.09788513183594, 440.1199951171875], "ClipBounds": [213.61000061035156, 419.0299987792969, 462.7899932861328, 440.1199951171875], "Font": {"alt_family_name": "Calibri", "embedded": true, "encoding": "WinAnsiEncoding", "family_name": "Calibri", "font_type": "TrueType", "italic": false, "monospaced": false, "name": "BCDHEE+Calibri", "subset": true, "weight": 400}, "HasClip": true, "ObjectID": 247, "Page": 0, "Path": "//Document/Sect[4]/L/LI[6]/LBody/StyleSpan/Reference", "Text": "https://forms.gle/tNaCfcxoQALxxDpEA ", "TextSize": 15.5}, {"Bounds": [108.05000305175781, 419.0299987792969, 464.09788513183594, 440.1199951171875], "ClipBounds": [213.61000061035156, 419.0299987792969, 462.7899932861328, 440.1199951171875], "Font": {"alt_family_name": "Calibri", "embedded": true, "encoding": "WinAnsiEncoding", "family_name": "Calibri", "font_type": "TrueType", "italic": false, "monospaced": false, "name": "BCDGEE+Calibri-Bold", "subset": true, "weight": 700}, "HasClip": true, "ObjectID": 331, "Page": 0, "Path": "//Document/Sect[4]/L/LI[6]/LBody", "Text": "Submission link: ", "TextSize": 15.5}, {"Bounds": [90.05000305175781, 400.0010070800781, 101.05499267578125, 417.2989959716797], "Font": {"alt_family_name": "Symbol", "embedded": true, "encoding": "Identity-H", "family_name": "Symbol MT", "font_type": "CIDFontType2", "italic": false, "monospaced": false, "name": "SymbolMT", "subset": false, "weight": 400}, "HasClip": true, "ObjectID": 345, "Page": 0, "Path": "//Document/Sect[4]/L/LI[7]/Lbl", "Text": "\u2022 ", "TextSize": 15.5}, {"Bounds": [108.05000305175781, 399.5050048828125, 508.9429931640625, 415.0050048828125], "Font": {"alt_family_name": "Calibri", "embedded": true, "encoding": "WinAnsiEncoding", "family_name": "Calibri", "font_type": "TrueType", "italic": false, "monospaced": false, "name": "BCDGEE+Calibri-Bold", "subset": true, "weight": 700}, "HasClip": true, "ObjectID": 346, "Page": 0, "Path": "//Document/Sect[4]/L/LI[7]/LBody", "Text": "The format of the submission file should be .zip format: RollNo-", "TextSize": 15.5}, {"Bounds": [108.05000305175781, 379.2550048828125, 437.47850036621094, 394.7550048828125], "Font": {"alt_family_name": "Calibri", "embedded": true, "encoding": "WinAnsiEncoding", "family_name": "Calibri", "font_type": "TrueType", "italic": false, "monospaced": false, "name": "BCDGEE+Calibri-Bold", "subset": true, "weight": 700}, "HasClip": true, "Lang": "en", "ObjectID": 393, "Page": 0, "Path": "//Document/Sect[5]/H1", "Text": "A3.zip. No other format is accepted other than .zip ", "TextSize": 15.5, "attributes": {"LineHeight": 18.625}}, {"Bounds": [126.05000305175781, 359.5010070800781, 139.22500610351562, 376.7989959716797], "Font": {"alt_family_name": "Courier New PSMT", "embedded": true, "encoding": "WinAnsiEncoding", "family_name": "Courier New PSMT", "font_type": "TrueType", "italic": false, "monospaced": false, "name": "BCDJEE+CourierNewPSMT", "subset": true, "weight": 400}, "HasClip": true, "ObjectID": 394, "Page": 0, "Path": "//Document/Sect[5]/L/LI/Lbl", "Text": "o ", "TextSize": 15.5}, {"Bounds": [144.0500030517578, 359.0050048828125, 355.8850555419922, 374.5050048828125], "Font": {"alt_family_name": "Calibri", "embedded": true, "encoding": "WinAnsiEncoding", "family_name": "Calibri", "font_type": "TrueType", "italic": false, "monospaced": false, "name": "BCDHEE+Calibri", "subset": true, "weight": 400}, "HasClip": true, "ObjectID": 395, "Page": 0, "Path": "//Document/Sect[5]/L/LI/LBody/ParagraphSpan", "Text": "The uploaded zip should contain: ", "TextSize": 15.5}, {"Bounds": [162.0800018310547, 345.7774963378906, 169.1788787841797, 354.5505065917969], "Font": {"alt_family_name": "Wingdings", "embedded": true, "encoding": "Identity-H", "family_name": "Wingdings", "font_type": "CIDFontType2", "italic": false, "monospaced": false, "name": "BCDKEE+Wingdings-Regular", "subset": true, "weight": 400}, "HasClip": true, "ObjectID": 396, "Page": 0, "Path": "//Document/Sect[5]/L/LI/LBody/L/LI/Lbl/ExtraCharSpan", "Text": "\u25aa ", "TextSize": 15.5}, {"Bounds": [180.0800018310547, 318.4750061035156, 514.8055877685547, 354.2250061035156], "Font": {"alt_family_name": "Calibri", "embedded": true, "encoding": "WinAnsiEncoding", "family_name": "Calibri", "font_type": "TrueType", "italic": false, "monospaced": false, "name": "BCDHEE+Calibri", "subset": true, "weight": 400}, "HasClip": true, "ObjectID": 397, "Page": 0, "Path": "//Document/Sect[5]/L/LI/LBody/L/LI/LBody", "Text": "The code in a step-by-step format with the results of each stage (.ipynb file) ", "TextSize": 15.5}, {"Bounds": [162.0800018310547, 305.2774963378906, 169.1788787841797, 314.0505065917969], "Font": {"alt_family_name": "Wingdings", "embedded": true, "encoding": "Identity-H", "family_name": "Wingdings", "font_type": "CIDFontType2", "italic": false, "monospaced": false, "name": "BCDKEE+Wingdings-Regular", "subset": true, "weight": 400}, "HasClip": true, "ObjectID": 398, "Page": 0, "Path": "//Document/Sect[5]/L/LI/LBody/L/LI[2]/Lbl/ExtraCharSpan", "Text": "\u25aa ", "TextSize": 15.5}, {"Bounds": [180.0800018310547, 298.2250061035156, 481.6496124267578, 313.7250061035156], "Font": {"alt_family_name": "Calibri", "embedded": true, "encoding": "WinAnsiEncoding", "family_name": "Calibri", "font_type": "TrueType", "italic": false, "monospaced": false, "name": "BCDHEE+Calibri", "subset": true, "weight": 400}, "HasClip": true, "ObjectID": 399, "Page": 0, "Path": "//Document/Sect[5]/L/LI/LBody/L/LI[2]/LBody", "Text": "Readable comments for each stage (.ipnyb file) ", "TextSize": 15.5}, {"Bounds": [162.0800018310547, 285.0274963378906, 169.1788787841797, 293.8005065917969], "Font": {"alt_family_name": "Wingdings", "embedded": true, "encoding": "Identity-H", "family_name": "Wingdings", "font_type": "CIDFontType2", "italic": false, "monospaced": false, "name": "BCDKEE+Wingdings-Regular", "subset": true, "weight": 400}, "HasClip": true, "ObjectID": 400, "Page": 0, "Path": "//Document/Sect[5]/L/LI/LBody/L/LI[3]/Lbl/ExtraCharSpan", "Text": "\u25aa ", "TextSize": 15.5}, {"Bounds": [180.0800018310547, 237.2050018310547, 521.4184875488281, 293.4750061035156], "Font": {"alt_family_name": "Calibri", "embedded": true, "encoding": "WinAnsiEncoding", "family_name": "Calibri", "font_type": "TrueType", "italic": false, "monospaced": false, "name": "BCDHEE+Calibri", "subset": true, "weight": 400}, "HasClip": true, "ObjectID": 401, "Page": 0, "Path": "//Document/Sect[5]/L/LI/LBody/L/LI[3]/LBody", "Text": "A .ReadMe file having instructions on how to execute the code, implementation details, path of directories, and analysis/observations of the results ", "TextSize": 15.5}, {"Bounds": [162.0800018310547, 224.00750732421875, 169.1788787841797, 232.78050231933594], "Font": {"alt_family_name": "Wingdings", "embedded": true, "encoding": "Identity-H", "family_name": "Wingdings", "font_type": "CIDFontType2", "italic": false, "monospaced": false, "name": "BCDKEE+Wingdings-Regular", "subset": true, "weight": 400}, "HasClip": true, "ObjectID": 402, "Page": 0, "Path": "//Document/Sect[5]/L/LI/LBody/L/LI[4]/Lbl/ExtraCharSpan", "Text": "\u25aa ", "TextSize": 15.5}, {"Bounds": [180.0800018310547, 216.9550018310547, 540.0424957275391, 234.74899291992188], "Font": {"alt_family_name": "Calibri", "embedded": true, "encoding": "Identity-H", "family_name": "Calibri", "font_type": "CIDFontType2", "italic": false, "monospaced": false, "name": "BCDLEE+Calibri-Bold", "subset": true, "weight": 700}, "HasClip": true, "ObjectID": 403, "Page": 0, "Path": "//Document/Sect[5]/L/LI/LBody/L/LI[4]/LBody", "Text": "All trained models stored inside a folder called \u201cmodels\u201d ", "TextSize": 15.5}, {"Bounds": [162.0800018310547, 203.7274932861328, 169.1788787841797, 212.50050354003906], "Font": {"alt_family_name": "Wingdings", "embedded": true, "encoding": "Identity-H", "family_name": "Wingdings", "font_type": "CIDFontType2", "italic": false, "monospaced": false, "name": "BCDKEE+Wingdings-Regular", "subset": true, "weight": 400}, "HasClip": true, "ObjectID": 404, "Page": 0, "Path": "//Document/Sect[5]/L/LI/LBody/L/LI[5]/Lbl/ExtraCharSpan", "Text": "\u25aa ", "TextSize": 15.5}, {"Bounds": [180.0800018310547, 196.6750030517578, 456.26499938964844, 214.468994140625], "Font": {"alt_family_name": "Calibri", "embedded": true, "encoding": "Identity-H", "family_name": "Calibri", "font_type": "CIDFontType2", "italic": false, "monospaced": false, "name": "BCDLEE+Calibri-Bold", "subset": true, "weight": 700}, "HasClip": true, "ObjectID": 405, "Page": 0, "Path": "//Document/Sect[5]/L/LI/LBody/L/LI[5]/LBody", "Text": "Dataset stored inside a folder called \u201cdata\u201d ", "TextSize": 15.5}, {"Bounds": [72.02499389648438, 168.4250030517578, 489.34144592285156, 183.9250030517578], "Font": {"alt_family_name": "Calibri", "embedded": true, "encoding": "WinAnsiEncoding", "family_name": "Calibri", "font_type": "TrueType", "italic": false, "monospaced": false, "name": "BCDGEE+Calibri-Bold", "subset": true, "weight": 700}, "HasClip": true, "Lang": "en", "ObjectID": 406, "Page": 0, "Path": "//Document/Sect[6]/H1", "Text": "Problem Statement: Training a RNN model on the given dataset. ", "TextSize": 15.5, "attributes": {"LineHeight": 18.625, "TextAlign": "Center"}}, {"Bounds": [157.72000122070312, 126.80999755859375, 483.8595886230469, 159.07000732421875], "ClipBounds": [157.72000122070312, 126.80999755859375, 482.8399963378906, 159.07000732421875], "Font": {"alt_family_name": "Calibri", "embedded": true, "encoding": "WinAnsiEncoding", "family_name": "Calibri", "font_type": "TrueType", "italic": false, "monospaced": false, "name": "BCDGEE+Calibri-Bold", "subset": true, "weight": 700}, "HasClip": true, "ObjectID": 248, "Page": 0, "Path": "//Document/Sect[7]/H1/StyleSpan/Reference", "Text": "https://ai.stanford.edu/~amaas/data/sentiment/ ", "TextSize": 15.5}, {"Bounds": [72.02499389648438, 126.80999755859375, 483.8595886230469, 159.07000732421875], "ClipBounds": [157.72000122070312, 126.80999755859375, 482.8399963378906, 159.07000732421875], "Font": {"alt_family_name": "Calibri", "embedded": true, "encoding": "WinAnsiEncoding", "family_name": "Calibri", "font_type": "TrueType", "italic": false, "monospaced": false, "name": "BCDGEE+Calibri-Bold", "subset": true, "weight": 700}, "HasClip": true, "Lang": "en", "ObjectID": 326, "Page": 0, "Path": "//Document/Sect[7]/H1", "Text": "Dataset link: ", "TextSize": 15.5, "attributes": {"LineHeight": 18.625, "TextAlign": "Center"}}, {"Bounds": [72.02499389648438, 701.3450012207031, 183.9504852294922, 716.8450012207031], "ClipBounds": [72.02499389648438, 701.3450012207031, 183.9504852294922, 716.8450012207031], "Font": {"alt_family_name": "Calibri", "embedded": true, "encoding": "WinAnsiEncoding", "family_name": "Calibri", "font_type": "TrueType", "italic": false, "monospaced": false, "name": "BCDGEE+Calibri-Bold", "subset": true, "weight": 700}, "HasClip": true, "Lang": "en", "ObjectID": 371, "Page": 1, "Path": "//Document/Sect[8]/H1", "Text": "Implementation: ", "TextSize": 15.5, "attributes": {"LineHeight": 18.625}}, {"Bounds": [432.1699981689453, 701.3450012207031, 504.1609191894531, 716.8450012207031], "ClipBounds": [432.1699981689453, 701.3450012207031, 504.1609191894531, 716.8450012207031], "Font": {"alt_family_name": "Calibri", "embedded": true, "encoding": "WinAnsiEncoding", "family_name": "Calibri", "font_type": "TrueType", "italic": false, "monospaced": false, "name": "BCDGEE+Calibri-Bold", "subset": true, "weight": 700}, "HasClip": true, "Lang": "en", "ObjectID": 299, "Page": 1, "Path": "//Document/Sect[9]/H1", "Text": "[40 marks] ", "TextSize": 15.5, "attributes": {"LineHeight": 18.625, "TextAlign": "End"}}, {"Bounds": [90.05000305175781, 669.0749969482422, 104.99183654785156, 684.5749969482422], "ClipBounds": [90.05000305175781, 669.0749969482422, 104.99183654785156, 684.5749969482422], "Font": {"alt_family_name": "Calibri", "embedded": true, "encoding": "WinAnsiEncoding", "family_name": "Calibri", "font_type": "TrueType", "italic": false, "monospaced": false, "name": "BCDHEE+Calibri", "subset": true, "weight": 400}, "HasClip": true, "ObjectID": 311, "Page": 1, "Path": "//Document/Sect[9]/L/LI/Lbl", "Text": "1. ", "TextSize": 15.5}, {"Bounds": [202.94000244140625, 667.4799957275391, 273.5784912109375, 691.7400054931641], "ClipBounds": [202.94000244140625, 667.4799957275391, 273.5784912109375, 691.7400054931641], "Font": {"alt_family_name": "Calibri", "embedded": true, "encoding": "WinAnsiEncoding", "family_name": "Calibri", "font_type": "TrueType", "italic": false, "monospaced": false, "name": "BCDHEE+Calibri", "subset": true, "weight": 400}, "HasClip": true, "ObjectID": 249, "Page": 1, "Path": "//Document/Sect[9]/L/LI/LBody/StyleSpan/Reference", "Text": "Word2vec ", "TextSize": 15.5}, {"Bounds": [108.05000305175781, 648.8249969482422, 524.4510955810547, 691.7400054931641], "ClipBounds": [108.05000305175781, 648.8249969482422, 524.4510955810547, 691.7400054931641], "Font": {"alt_family_name": "Calibri", "embedded": true, "encoding": "WinAnsiEncoding", "family_name": "Calibri", "font_type": "TrueType", "italic": false, "monospaced": false, "name": "BCDHEE+Calibri", "subset": true, "weight": 400}, "HasClip": true, "ObjectID": 312, "Page": 1, "Path": "//Document/Sect[9]/L/LI/LBody", "Text": "Implement the model and train the word vectors using skip-gram model with negative sampling. ", "TextSize": 15.5}, {"Bounds": [90.05000305175781, 628.5749969482422, 104.99183654785156, 644.0749969482422], "ClipBounds": [90.05000305175781, 628.5749969482422, 104.99183654785156, 644.0749969482422], "Font": {"alt_family_name": "Calibri", "embedded": true, "encoding": "WinAnsiEncoding", "family_name": "Calibri", "font_type": "TrueType", "italic": false, "monospaced": false, "name": "BCDHEE+Calibri", "subset": true, "weight": 400}, "HasClip": true, "ObjectID": 315, "Page": 1, "Path": "//Document/Sect[9]/L/LI[2]/Lbl", "Text": "2. ", "TextSize": 15.5}, {"Bounds": [202.94000244140625, 618.9600067138672, 305.3429260253906, 647.2200012207031], "ClipBounds": [202.94000244140625, 618.9600067138672, 305.3429260253906, 647.2200012207031], "Font": {"alt_family_name": "Calibri", "embedded": true, "encoding": "WinAnsiEncoding", "family_name": "Calibri", "font_type": "TrueType", "italic": false, "monospaced": false, "name": "BCDHEE+Calibri", "subset": true, "weight": 400}, "HasClip": true, "ObjectID": 250, "Page": 1, "Path": "//Document/Sect[9]/L/LI[2]/LBody/StyleSpan/Reference", "Text": "FastText model ", "TextSize": 15.5}, {"Bounds": [108.05000305175781, 618.9600067138672, 501.1105499267578, 647.2200012207031], "ClipBounds": [108.05000305175781, 618.9600067138672, 501.1105499267578, 647.2200012207031], "Font": {"alt_family_name": "Calibri", "embedded": true, "encoding": "WinAnsiEncoding", "family_name": "Calibri", "font_type": "TrueType", "italic": false, "monospaced": false, "name": "BCDHEE+Calibri", "subset": true, "weight": 400}, "HasClip": true, "ObjectID": 294, "Page": 1, "Path": "//Document/Sect[9]/L/LI[2]/LBody", "Text": "Implement the and train the word vectors [1]. ", "TextSize": 15.5}, {"Bounds": [72.02499389648438, 596.3249969482422, 500.8949432373047, 614.1190032958984], "ClipBounds": [72.02499389648438, 596.3249969482422, 500.8949432373047, 614.1190032958984], "Font": {"alt_family_name": "Calibri", "embedded": true, "encoding": "WinAnsiEncoding", "family_name": "Calibri", "font_type": "TrueType", "italic": false, "monospaced": false, "name": "BCDHEE+Calibri", "subset": true, "weight": 400}, "HasClip": true, "Lang": "en", "ObjectID": 300, "Page": 1, "Path": "//Document/Sect[9]/P", "Text": "Hint: Make use of only \u201ctrain\u201d folder for training your word vectors. ", "TextSize": 15.5, "attributes": {"LineHeight": 18.625}}, {"Bounds": [90.05000305175781, 564.0449981689453, 104.99183654785156, 579.5449981689453], "ClipBounds": [90.05000305175781, 564.0449981689453, 104.99183654785156, 579.5449981689453], "Font": {"alt_family_name": "Calibri", "embedded": true, "encoding": "WinAnsiEncoding", "family_name": "Calibri", "font_type": "TrueType", "italic": false, "monospaced": false, "name": "BCDHEE+Calibri", "subset": true, "weight": 400}, "HasClip": true, "ObjectID": 306, "Page": 1, "Path": "//Document/Sect[9]/L[2]/LI/Lbl", "Text": "3. ", "TextSize": 15.5}, {"Bounds": [108.05000305175781, 543.7949981689453, 534.9054565429688, 581.8390045166016], "ClipBounds": [108.05000305175781, 543.7949981689453, 534.9054565429688, 581.8390045166016], "Font": {"alt_family_name": "Calibri", "embedded": true, "encoding": "WinAnsiEncoding", "family_name": "Calibri", "font_type": "TrueType", "italic": false, "monospaced": false, "name": "BCDHEE+Calibri", "subset": true, "weight": 400}, "HasClip": true, "ObjectID": 307, "Page": 1, "Path": "//Document/Sect[9]/L[2]/LI/LBody", "Text": "You can use \u201ctest\u201d folder and sentiment labels, i.e., pos and neg for your sentiment classification task using RNN. ", "TextSize": 15.5}, {"Bounds": [90.05000305175781, 523.5449981689453, 104.99183654785156, 539.0449981689453], "ClipBounds": [90.05000305175781, 523.5449981689453, 104.99183654785156, 539.0449981689453], "Font": {"alt_family_name": "Calibri", "embedded": true, "encoding": "WinAnsiEncoding", "family_name": "Calibri", "font_type": "TrueType", "italic": false, "monospaced": false, "name": "BCDHEE+Calibri", "subset": true, "weight": 400}, "HasClip": true, "ObjectID": 304, "Page": 1, "Path": "//Document/Sect[9]/L[2]/LI[2]/Lbl", "Text": "4. ", "TextSize": 15.5}, {"Bounds": [108.05000305175781, 483.0249938964844, 542.2500915527344, 539.0449981689453], "ClipBounds": [108.05000305175781, 483.0249938964844, 542.2500915527344, 539.0449981689453], "Font": {"alt_family_name": "Calibri", "embedded": true, "encoding": "WinAnsiEncoding", "family_name": "Calibri", "font_type": "TrueType", "italic": false, "monospaced": false, "name": "BCDHEE+Calibri", "subset": true, "weight": 400}, "HasClip": true, "ObjectID": 305, "Page": 1, "Path": "//Document/Sect[9]/L[2]/LI[2]/LBody", "Text": "After creating word vectors using the methods provided above, train your RNN model on the sentiment classification task by making using of these word vectors. ", "TextSize": 15.5}, {"Bounds": [72.02499389648438, 454.7749938964844, 504.16741943359375, 470.2749938964844], "ClipBounds": [72.02499389648438, 454.7749938964844, 504.16741943359375, 470.2749938964844], "Font": {"alt_family_name": "Calibri", "embedded": true, "encoding": "WinAnsiEncoding", "family_name": "Calibri", "font_type": "TrueType", "italic": false, "monospaced": false, "name": "BCDGEE+Calibri-Bold", "subset": true, "weight": 700}, "HasClip": true, "Lang": "en", "ObjectID": 372, "Page": 1, "Path": "//Document/Sect[10]/H1", "Text": "Results and analysis [25 marks] ", "TextSize": 15.5, "attributes": {"LineHeight": 18.625}}, {"Bounds": [72.02499389648438, 406.0050048828125, 542.5269470214844, 442.0050048828125], "ClipBounds": [72.02499389648438, 406.0050048828125, 542.5269470214844, 442.0050048828125], "Font": {"alt_family_name": "Calibri", "embedded": true, "encoding": "WinAnsiEncoding", "family_name": "Calibri", "font_type": "TrueType", "italic": false, "monospaced": false, "name": "BCDHEE+Calibri", "subset": true, "weight": 400}, "HasClip": true, "Lang": "en", "ObjectID": 373, "Page": 1, "Path": "//Document/Sect[10]/P", "Text": "Present the results of your experiments including performance metrics for each word vector technique used for sentiment classification task. ", "TextSize": 15.5}, {"Bounds": [90.05000305175781, 377.7550048828125, 104.99183654785156, 393.2550048828125], "ClipBounds": [90.05000305175781, 377.7550048828125, 104.99183654785156, 393.2550048828125], "Font": {"alt_family_name": "Calibri", "embedded": true, "encoding": "WinAnsiEncoding", "family_name": "Calibri", "font_type": "TrueType", "italic": false, "monospaced": false, "name": "BCDHEE+Calibri", "subset": true, "weight": 400}, "HasClip": true, "ObjectID": 374, "Page": 1, "Path": "//Document/Sect[10]/L/LI/Lbl", "Text": "5. ", "TextSize": 15.5}, {"Bounds": [108.05000305175781, 377.7550048828125, 455.4669952392578, 393.2550048828125], "ClipBounds": [108.05000305175781, 377.7550048828125, 455.4669952392578, 393.2550048828125], "Font": {"alt_family_name": "Calibri", "embedded": true, "encoding": "WinAnsiEncoding", "family_name": "Calibri", "font_type": "TrueType", "italic": false, "monospaced": false, "name": "BCDHEE+Calibri", "subset": true, "weight": 400}, "HasClip": true, "ObjectID": 375, "Page": 1, "Path": "//Document/Sect[10]/L/LI/LBody", "Text": "Make use of tables, graphs to compare results visually. ", "TextSize": 15.5}, {"Bounds": [90.05000305175781, 357.5050048828125, 104.99183654785156, 373.0050048828125], "ClipBounds": [90.05000305175781, 357.5050048828125, 104.99183654785156, 373.0050048828125], "Font": {"alt_family_name": "Calibri", "embedded": true, "encoding": "WinAnsiEncoding", "family_name": "Calibri", "font_type": "TrueType", "italic": false, "monospaced": false, "name": "BCDHEE+Calibri", "subset": true, "weight": 400}, "HasClip": true, "ObjectID": 376, "Page": 1, "Path": "//Document/Sect[10]/L/LI[2]/Lbl", "Text": "6. ", "TextSize": 15.5}, {"Bounds": [108.05000305175781, 337.2250061035156, 517.8236083984375, 373.0050048828125], "ClipBounds": [108.05000305175781, 337.2250061035156, 517.8236083984375, 373.0050048828125], "Font": {"alt_family_name": "Calibri", "embedded": true, "encoding": "WinAnsiEncoding", "family_name": "Calibri", "font_type": "TrueType", "italic": false, "monospaced": false, "name": "BCDHEE+Calibri", "subset": true, "weight": 400}, "HasClip": true, "ObjectID": 377, "Page": 1, "Path": "//Document/Sect[10]/L/LI[2]/LBody", "Text": "Discuss any findings and report all the hyperparameters for each technique used during experimentation. ", "TextSize": 15.5}, {"Bounds": [72.02499389648438, 264.4550018310547, 541.9391021728516, 320.4750061035156], "ClipBounds": [72.02499389648438, 264.4550018310547, 541.9391021728516, 320.4750061035156], "Font": {"alt_family_name": "Calibri", "embedded": true, "encoding": "WinAnsiEncoding", "family_name": "Calibri", "font_type": "TrueType", "italic": false, "monospaced": false, "name": "BCDHEE+Calibri", "subset": true, "weight": 400}, "HasClip": true, "Lang": "en", "ObjectID": 378, "Page": 1, "Path": "//Document/Sect[10]/P[2]", "Text": "Grading policy: Individual evaluations based on submission and viva along with code review. Expectations to explain the code, results, and analysis. Performance during viva carries 35 marks. ", "TextSize": 15.5}, {"Bounds": [72.02499389648438, 232.2050018310547, 151.0809783935547, 247.7050018310547], "ClipBounds": [72.02499389648438, 232.2050018310547, 151.0809783935547, 247.7050018310547], "Font": {"alt_family_name": "Calibri", "embedded": true, "encoding": "WinAnsiEncoding", "family_name": "Calibri", "font_type": "TrueType", "italic": false, "monospaced": false, "name": "BCDGEE+Calibri-Bold", "subset": true, "weight": 700}, "HasClip": true, "Lang": "en", "ObjectID": 289, "Page": 1, "Path": "//Document/Sect[11]/H1", "Text": "References: ", "TextSize": 15.5, "attributes": {"LineHeight": 18.625}}, {"Bounds": [72.02499389648438, 204.07000732421875, 88.15306091308594, 216.07000732421875], "ClipBounds": [72.02499389648438, 204.07000732421875, 88.15306091308594, 216.07000732421875], "Font": {"alt_family_name": "Calibri", "embedded": true, "encoding": "WinAnsiEncoding", "family_name": "Calibri", "font_type": "TrueType", "italic": false, "monospaced": false, "name": "BCDHEE+Calibri", "subset": true, "weight": 400}, "HasClip": true, "ObjectID": 291, "Page": 1, "Path": "//Document/Sect[11]/L/LI/Lbl", "Text": "[1] ", "TextSize": 12.0}, {"Bounds": [85.90400695800781, 195.08999633789062, 319.6110534667969, 222.77999877929688], "ClipBounds": [85.90400695800781, 195.08999633789062, 319.6110534667969, 222.77999877929688], "Font": {"alt_family_name": "Calibri", "embedded": true, "encoding": "WinAnsiEncoding", "family_name": "Calibri", "font_type": "TrueType", "italic": false, "monospaced": false, "name": "BCDHEE+Calibri", "subset": true, "weight": 400}, "HasClip": true, "ObjectID": 251, "Page": 1, "Path": "//Document/Sect[11]/L/LI/LBody/StyleSpan/Reference", "Text": "https://github.com/facebookresearch/fastText ", "TextSize": 12.0}, {"Bounds": [85.90400695800781, 195.08999633789062, 319.6110534667969, 222.77999877929688], "ClipBounds": [85.90400695800781, 195.08999633789062, 319.6110534667969, 222.77999877929688], "ObjectID": 284, "Page": 1, "Path": "//Document/Sect[11]/L/LI/LBody"}, {"Bounds": [72.02499389648438, 172.1750030517578, 212.1915283203125, 187.6750030517578], "ClipBounds": [72.02499389648438, 172.1750030517578, 212.1915283203125, 187.6750030517578], "Font": {"alt_family_name": "Calibri", "embedded": true, "encoding": "WinAnsiEncoding", "family_name": "Calibri", "font_type": "TrueType", "italic": false, "monospaced": false, "name": "BCDGEE+Calibri-Bold", "subset": true, "weight": 700}, "HasClip": true, "Lang": "en", "ObjectID": 271, "Page": 1, "Path": "//Document/Sect[12]/H1", "Text": "Additional resources: ", "TextSize": 15.5, "attributes": {"LineHeight": 18.625}}, {"Bounds": [90.05000305175781, 144.0500030517578, 101.79786682128906, 156.0500030517578], "ClipBounds": [90.05000305175781, 144.0500030517578, 101.79786682128906, 156.0500030517578], "Font": {"alt_family_name": "Calibri", "embedded": true, "encoding": "WinAnsiEncoding", "family_name": "Calibri", "font_type": "TrueType", "italic": false, "monospaced": false, "name": "BCDGEE+Calibri-Bold", "subset": true, "weight": 700}, "HasClip": true, "ObjectID": 277, "Page": 1, "Path": "//Document/Sect[12]/L/LI/Lbl", "Text": "1. ", "TextSize": 12.0}, {"Bounds": [105.75, 143.13999938964844, 542.25, 162.8300018310547], "ClipBounds": [105.75, 143.13999938964844, 542.25, 162.8300018310547], "Font": {"alt_family_name": "Calibri", "embedded": true, "encoding": "WinAnsiEncoding", "family_name": "Calibri", "font_type": "TrueType", "italic": false, "monospaced": false, "name": "BCDGEE+Calibri-Bold", "subset": true, "weight": 700}, "HasClip": true, "ObjectID": 252, "Page": 1, "Path": "//Document/Sect[12]/L/LI/LBody/StyleSpan/Reference", "Text": "https://d2l.ai/chapter_recurrent-neural-networks/rnn-scratch.html#transforming-", "TextSize": 12.0}, {"Bounds": [69.75, 127.46000671386719, 170.75, 143.13999938964844], "ClipBounds": [69.75, 127.46000671386719, 170.75, 143.13999938964844], "Font": {"alt_family_name": "Calibri", "embedded": true, "encoding": "WinAnsiEncoding", "family_name": "Calibri", "font_type": "TrueType", "italic": false, "monospaced": false, "name": "BCDGEE+Calibri-Bold", "subset": true, "weight": 700}, "HasClip": true, "ObjectID": 253, "Page": 1, "Path": "//Document/Sect[12]/L/LI/LBody/StyleSpan/Reference[2]", "Text": "rnn-outputs ", "TextSize": 12.0}, {"Bounds": [90.05000305175781, 112.77999877929688, 101.79786682128906, 124.77999877929688], "ClipBounds": [90.05000305175781, 112.77999877929688, 101.79786682128906, 124.77999877929688], "Font": {"alt_family_name": "Calibri", "embedded": true, "encoding": "WinAnsiEncoding", "family_name": "Calibri", "font_type": "TrueType", "italic": false, "monospaced": false, "name": "BCDGEE+Calibri-Bold", "subset": true, "weight": 700}, "HasClip": true, "ObjectID": 281, "Page": 1, "Path": "//Document/Sect[12]/L/LI[2]/Lbl", "Text": "2. ", "TextSize": 12.0}, {"Bounds": [105.75, 103.77000427246094, 446.94407653808594, 127.46000671386719], "ClipBounds": [105.75, 103.77000427246094, 446.94407653808594, 127.46000671386719], "Font": {"alt_family_name": "Calibri", "embedded": true, "encoding": "WinAnsiEncoding", "family_name": "Calibri", "font_type": "TrueType", "italic": false, "monospaced": false, "name": "BCDGEE+Calibri-Bold", "subset": true, "weight": 700}, "HasClip": true, "ObjectID": 254, "Page": 1, "Path": "//Document/Sect[12]/L/LI[2]/LBody/StyleSpan/Reference", "Text": "https://colah.github.io/posts/2014-07-NLP-RNNs-Representations/ ", "TextSize": 12.0}, {"Bounds": [105.75, 103.77000427246094, 446.94407653808594, 127.46000671386719], "ClipBounds": [105.75, 103.77000427246094, 446.94407653808594, 127.46000671386719], "ObjectID": 266, "Page": 1, "Path": "//Document/Sect[12]/L/LI[2]/LBody"}, {"Bounds": [216.10000610351562, 85.02499389648438, 338.00196838378906, 97.02499389648438], "ClipBounds": [216.10000610351562, 85.02499389648438, 338.00196838378906, 97.02499389648438], "Font": {"alt_family_name": "Calibri", "embedded": true, "encoding": "WinAnsiEncoding", "family_name": "Calibri", "font_type": "TrueType", "italic": false, "monospaced": false, "name": "BCDGEE+Calibri-Bold", "subset": true, "weight": 700}, "HasClip": true, "Lang": "en", "ObjectID": 272, "Page": 1, "Path": "//Document/Sect[12]/P", "Text": "---------All the best-------- ", "TextSize": 12.0, "attributes": {"LineHeight": 14.375, "TextAlign": "Center"}}], "pages": [{"boxes": {"CropBox": [0.0, 0.0, 612.0, 792.0], "MediaBox": [0.0, 0.0, 612.0, 792.0]}, "height": 792.0, "is_scanned": false, "page_number": 0, "rotation": 0, "width": 612.0}, {"boxes": {"CropBox": [0.0, 0.0, 612.0, 792.0], "MediaBox": [0.0, 0.0, 612.0, 792.0]}, "height": 792.0, "is_scanned": false, "page_number": 1, "rotation": 0, "width": 612.0}]}