{"version": {"json_export": "202", "page_segmentation": "5", "schema": "1.1.0", "structure": "1.1085.0", "table_structure": "5"}, "extended_metadata": {"ID_instance": "9D 41 19 FC C7 B9 B2 11 0A 00 67 45 8B 6B C6 23 ", "ID_permanent": "32 34 20 42 30 20 31 37 20 46 43 20 43 37 20 42 39 20 42 32 20 31 31 20 30 41 20 30 30 20 36 37 20 34 35 20 38 42 20 36 42 20 43 36 20 32 33 20 ", "has_acroform": false, "has_embedded_files": false, "is_XFA": false, "is_certified": false, "is_encrypted": false, "is_digitally_signed": false, "language": "en-GB", "page_count": 2, "pdf_version": "1.6", "pdfa_compliance_level": "", "pdfua_compliance_level": ""}, "elements": [{"Bounds": [230.2220001220703, 702.0796051025391, 385.7933349609375, 716.739990234375], "Font": {"alt_family_name": "Franklin Gothic", "embedded": true, "encoding": "WinAnsiEncoding", "family_name": "Franklin Gothic", "font_type": "TrueType", "italic": false, "monospaced": false, "name": "BCDEEE+FranklinGothic-Book", "subset": true, "weight": 400}, "HasClip": true, "Lang": "en", "ObjectID": 171, "Page": 0, "Path": "//Document/Sect/Title", "Text": "Computational Biology ", "TextSize": 15.960006713867188, "attributes": {"LineHeight": 19.125, "TextAlign": "Center"}}, {"Bounds": [71.85250854492188, 688.1525115966797, 130.9434814453125, 701.8874969482422], "ObjectID": 172, "Page": 0, "Path": "//Document/Sect/Figure", "attributes": {"BBox": [71.99709999999686, 690.9639999999781, 127.79499999999825, 697.4439999999886], "Placement": "Block"}}, {"Bounds": [71.85250854492188, 688.1525115966797, 130.9434814453125, 701.8874969482422], "Font": {"alt_family_name": "Franklin Gothic", "embedded": true, "encoding": "WinAnsiEncoding", "family_name": "Franklin Gothic", "font_type": "TrueType", "italic": false, "monospaced": false, "name": "BCDEEE+FranklinGothic-Book", "subset": true, "weight": 400}, "HasClip": true, "ObjectID": 172, "Page": 0, "Path": "//Document/Sect/Figure", "Text": "Credits \u2013 3 ", "TextSize": 12.0, "attributes": {"BBox": [71.99709999999686, 690.9639999999781, 127.79499999999825, 697.4439999999886], "Placement": "Block"}}, {"Bounds": [512.9285125732422, 688.4885101318359, 540.7395629882812, 699.5114898681641], "Font": {"alt_family_name": "Franklin Gothic", "embedded": true, "encoding": "WinAnsiEncoding", "family_name": "Franklin Gothic", "font_type": "TrueType", "italic": false, "monospaced": false, "name": "BCDEEE+FranklinGothic-Book", "subset": true, "weight": 400}, "HasClip": true, "Lang": "en", "ObjectID": 173, "Page": 0, "Path": "//Document/Sect/P", "Text": "L-T-P ", "TextSize": 12.0}, {"Bounds": [512.8085021972656, 674.8085021972656, 543.3434753417969, 685.8314971923828], "Font": {"alt_family_name": "Franklin Gothic", "embedded": true, "encoding": "WinAnsiEncoding", "family_name": "Franklin Gothic", "font_type": "TrueType", "italic": false, "monospaced": false, "name": "BCDEEE+FranklinGothic-Book", "subset": true, "weight": 400}, "HasClip": true, "Lang": "en", "ObjectID": 174, "Page": 0, "Path": "//Document/Sect/P[2]", "Text": "2-0-2 ", "TextSize": 12.0}, {"Bounds": [71.85250854492188, 661.2485046386719, 164.73947143554688, 672.2714996337891], "Font": {"alt_family_name": "Franklin Gothic", "embedded": true, "encoding": "WinAnsiEncoding", "family_name": "Franklin Gothic", "font_type": "TrueType", "italic": false, "monospaced": false, "name": "BCDEEE+FranklinGothic-Book", "subset": true, "weight": 400}, "HasClip": true, "Lang": "en", "ObjectID": 175, "Page": 0, "Path": "//Document/Sect[2]/H1", "Text": "Course objectives ", "TextSize": 12.0}, {"Bounds": [90.02400207519531, 647.8600006103516, 103.19990539550781, 658.5399932861328], "Font": {"alt_family_name": "Franklin Gothic", "embedded": true, "encoding": "WinAnsiEncoding", "family_name": "Franklin Gothic", "font_type": "TrueType", "italic": false, "monospaced": false, "name": "BCDEEE+FranklinGothic-Book", "subset": true, "weight": 400}, "HasClip": true, "ObjectID": 176, "Page": 0, "Path": "//Document/Sect[2]/L/LI/Lbl", "Text": "1. ", "TextSize": 12.0}, {"Bounds": [108.02000427246094, 647.8600006103516, 508.3159942626953, 658.5399932861328], "Font": {"alt_family_name": "Franklin Gothic", "embedded": true, "encoding": "WinAnsiEncoding", "family_name": "Franklin Gothic", "font_type": "TrueType", "italic": false, "monospaced": false, "name": "BCDEEE+FranklinGothic-Book", "subset": true, "weight": 400}, "HasClip": true, "ObjectID": 177, "Page": 0, "Path": "//Document/Sect[2]/L/LI/LBody", "Text": "Articulate importance & application of Computational Biology & Bioinformatics. ", "TextSize": 12.0}, {"Bounds": [90.02400207519531, 634.1799926757812, 103.19990539550781, 644.8600006103516], "Font": {"alt_family_name": "Franklin Gothic", "embedded": true, "encoding": "WinAnsiEncoding", "family_name": "Franklin Gothic", "font_type": "TrueType", "italic": false, "monospaced": false, "name": "BCDEEE+FranklinGothic-Book", "subset": true, "weight": 400}, "HasClip": true, "ObjectID": 178, "Page": 0, "Path": "//Document/Sect[2]/L/LI[2]/Lbl", "Text": "2. ", "TextSize": 12.0}, {"Bounds": [108.02000427246094, 620.6199951171875, 543.0279388427734, 644.8600006103516], "Font": {"alt_family_name": "Franklin Gothic", "embedded": true, "encoding": "WinAnsiEncoding", "family_name": "Franklin Gothic", "font_type": "TrueType", "italic": false, "monospaced": false, "name": "BCDEEE+FranklinGothic-Book", "subset": true, "weight": 400}, "HasClip": true, "ObjectID": 179, "Page": 0, "Path": "//Document/Sect[2]/L/LI[2]/LBody", "Text": "Understanding biological data of diverse types and their retrieval from various biological databases. ", "TextSize": 12.0}, {"Bounds": [90.02400207519531, 607.0599975585938, 103.19990539550781, 617.7400054931641], "Font": {"alt_family_name": "Franklin Gothic", "embedded": true, "encoding": "WinAnsiEncoding", "family_name": "Franklin Gothic", "font_type": "TrueType", "italic": false, "monospaced": false, "name": "BCDEEE+FranklinGothic-Book", "subset": true, "weight": 400}, "HasClip": true, "ObjectID": 180, "Page": 0, "Path": "//Document/Sect[2]/L/LI[3]/Lbl", "Text": "3. ", "TextSize": 12.0}, {"Bounds": [108.02000427246094, 593.3800048828125, 542.6479339599609, 617.7400054931641], "Font": {"alt_family_name": "Franklin Gothic", "embedded": true, "encoding": "WinAnsiEncoding", "family_name": "Franklin Gothic", "font_type": "TrueType", "italic": false, "monospaced": false, "name": "BCDEEE+FranklinGothic-Book", "subset": true, "weight": 400}, "HasClip": true, "ObjectID": 181, "Page": 0, "Path": "//Document/Sect[2]/L/LI[3]/LBody", "Text": "Develop computational workflows using bioinformatics techniques & tools used for analysis of biological data and interpret the results. ", "TextSize": 12.0}, {"Bounds": [90.02400207519531, 579.8200073242188, 103.19990539550781, 590.5], "Font": {"alt_family_name": "Franklin Gothic", "embedded": true, "encoding": "WinAnsiEncoding", "family_name": "Franklin Gothic", "font_type": "TrueType", "italic": false, "monospaced": false, "name": "BCDEEE+FranklinGothic-Book", "subset": true, "weight": 400}, "HasClip": true, "ObjectID": 182, "Page": 0, "Path": "//Document/Sect[2]/L/LI[4]/Lbl", "Text": "4. ", "TextSize": 12.0}, {"Bounds": [108.02000427246094, 566.1399993896484, 542.8400421142578, 590.5], "Font": {"alt_family_name": "Franklin Gothic", "embedded": true, "encoding": "WinAnsiEncoding", "family_name": "Franklin Gothic", "font_type": "TrueType", "italic": false, "monospaced": false, "name": "BCDEEE+FranklinGothic-Book", "subset": true, "weight": 400}, "HasClip": true, "ObjectID": 183, "Page": 0, "Path": "//Document/Sect[2]/L/LI[4]/LBody", "Text": "Familiarize with computational methods for biological sequence and structure analysis. ", "TextSize": 12.0}, {"Bounds": [90.02400207519531, 552.5800018310547, 103.19990539550781, 563.2599945068359], "Font": {"alt_family_name": "Franklin Gothic", "embedded": true, "encoding": "WinAnsiEncoding", "family_name": "Franklin Gothic", "font_type": "TrueType", "italic": false, "monospaced": false, "name": "BCDEEE+FranklinGothic-Book", "subset": true, "weight": 400}, "HasClip": true, "ObjectID": 184, "Page": 0, "Path": "//Document/Sect[2]/L/LI[5]/Lbl", "Text": "5. ", "TextSize": 12.0}, {"Bounds": [108.02000427246094, 552.5800018310547, 442.1499938964844, 563.2599945068359], "Font": {"alt_family_name": "Franklin Gothic", "embedded": true, "encoding": "WinAnsiEncoding", "family_name": "Franklin Gothic", "font_type": "TrueType", "italic": false, "monospaced": false, "name": "BCDEEE+FranklinGothic-Book", "subset": true, "weight": 400}, "HasClip": true, "ObjectID": 185, "Page": 0, "Path": "//Document/Sect[2]/L/LI[5]/LBody", "Text": "Perform biological sequence alignments and interpret the results. ", "TextSize": 12.0}, {"Bounds": [90.02400207519531, 539.0200042724609, 103.19990539550781, 549.6999969482422], "Font": {"alt_family_name": "Franklin Gothic", "embedded": true, "encoding": "WinAnsiEncoding", "family_name": "Franklin Gothic", "font_type": "TrueType", "italic": false, "monospaced": false, "name": "BCDEEE+FranklinGothic-Book", "subset": true, "weight": 400}, "HasClip": true, "ObjectID": 186, "Page": 0, "Path": "//Document/Sect[2]/L/LI[6]/Lbl", "Text": "6. ", "TextSize": 12.0}, {"Bounds": [108.02000427246094, 539.0200042724609, 450.30999755859375, 549.6999969482422], "Font": {"alt_family_name": "Franklin Gothic", "embedded": true, "encoding": "WinAnsiEncoding", "family_name": "Franklin Gothic", "font_type": "TrueType", "italic": false, "monospaced": false, "name": "BCDEEE+FranklinGothic-Book", "subset": true, "weight": 400}, "HasClip": true, "ObjectID": 187, "Page": 0, "Path": "//Document/Sect[2]/L/LI[6]/LBody", "Text": "Prediction of gene, RNA structure, and protein structure & function. ", "TextSize": 12.0}, {"Bounds": [90.02400207519531, 525.3099975585938, 103.19990539550781, 535.9900054931641], "Font": {"alt_family_name": "Franklin Gothic", "embedded": true, "encoding": "WinAnsiEncoding", "family_name": "Franklin Gothic", "font_type": "TrueType", "italic": false, "monospaced": false, "name": "BCDEEE+FranklinGothic-Book", "subset": true, "weight": 400}, "HasClip": true, "ObjectID": 188, "Page": 0, "Path": "//Document/Sect[2]/L/LI[7]/Lbl", "Text": "7. ", "TextSize": 12.0}, {"Bounds": [108.02000427246094, 525.3099975585938, 495.5800018310547, 535.9900054931641], "Font": {"alt_family_name": "Franklin Gothic", "embedded": true, "encoding": "WinAnsiEncoding", "family_name": "Franklin Gothic", "font_type": "TrueType", "italic": false, "monospaced": false, "name": "BCDEEE+FranklinGothic-Book", "subset": true, "weight": 400}, "HasClip": true, "ObjectID": 189, "Page": 0, "Path": "//Document/Sect[2]/L/LI[7]/LBody", "Text": "Familiarize with computational methods for performing evolutionary studies. ", "TextSize": 12.0}, {"Bounds": [71.85250854492188, 498.0185089111328, 152.1954803466797, 509.04148864746094], "Font": {"alt_family_name": "Franklin Gothic", "embedded": true, "encoding": "WinAnsiEncoding", "family_name": "Franklin Gothic", "font_type": "TrueType", "italic": false, "monospaced": false, "name": "BCDEEE+FranklinGothic-Book", "subset": true, "weight": 400}, "HasClip": true, "Lang": "en", "ObjectID": 190, "Page": 0, "Path": "//Document/Sect[3]/H1", "Text": "Course content ", "TextSize": 12.0}, {"Bounds": [71.85250854492188, 470.77850341796875, 325.5955505371094, 481.80149841308594], "Font": {"alt_family_name": "Franklin Gothic", "embedded": true, "encoding": "WinAnsiEncoding", "family_name": "Franklin Gothic", "font_type": "TrueType", "italic": false, "monospaced": false, "name": "BCDEEE+FranklinGothic-Book", "subset": true, "weight": 400}, "HasClip": true, "ObjectID": 191, "Page": 0, "Path": "//Document/Sect[4]/H1/Sub", "Text": "Module I: Computational Biology & Bioinformatics ", "TextSize": 12.0, "attributes": {"Placement": "Block"}}, {"Bounds": [72.02400207519531, 457.27000427246094, 464.95399475097656, 467.9499969482422], "Font": {"alt_family_name": "Franklin Gothic", "embedded": true, "encoding": "WinAnsiEncoding", "family_name": "Franklin Gothic", "font_type": "TrueType", "italic": false, "monospaced": false, "name": "BCDEEE+FranklinGothic-Book", "subset": true, "weight": 400}, "HasClip": true, "ObjectID": 192, "Page": 0, "Path": "//Document/Sect[4]/H1/Sub[2]", "Text": "History, importance & applications of computational biology & bioinformatics. ", "TextSize": 12.0, "attributes": {"Placement": "Block"}}, {"Bounds": [71.85250854492188, 429.97850036621094, 234.19154357910156, 441.0014953613281], "Font": {"alt_family_name": "Franklin Gothic", "embedded": true, "encoding": "WinAnsiEncoding", "family_name": "Franklin Gothic", "font_type": "TrueType", "italic": false, "monospaced": false, "name": "BCDEEE+FranklinGothic-Book", "subset": true, "weight": 400}, "HasClip": true, "Lang": "en", "ObjectID": 193, "Page": 0, "Path": "//Document/Sect[5]/H1", "Text": "Module II: Biological Databases ", "TextSize": 12.0}, {"Bounds": [72.02400207519531, 348.4100036621094, 543.1720886230469, 427.1499938964844], "Font": {"alt_family_name": "Franklin Gothic", "embedded": true, "encoding": "WinAnsiEncoding", "family_name": "Franklin Gothic", "font_type": "TrueType", "italic": false, "monospaced": false, "name": "BCDEEE+FranklinGothic-Book", "subset": true, "weight": 400}, "HasClip": true, "Lang": "en", "ObjectID": 194, "Page": 0, "Path": "//Document/Sect[5]/P", "Text": "Biological data, importance of biological databases & their biological design basis, file formats & types (primary, secondary, sequence, structure & other), information retrieval from various biological databases, databases of nucleic acids sequence & structure, protein sequence & structure, chemical structures, biological networks & metabolic pathways, biomedical image databases. Practical importance of biological databases in different segments of healthcare, pharmaceutical and biotech industries. ", "TextSize": 12.0}, {"Bounds": [71.85250854492188, 321.1184997558594, 235.33148193359375, 332.14149475097656], "Font": {"alt_family_name": "Franklin Gothic", "embedded": true, "encoding": "WinAnsiEncoding", "family_name": "Franklin Gothic", "font_type": "TrueType", "italic": false, "monospaced": false, "name": "BCDEEE+FranklinGothic-Book", "subset": true, "weight": 400}, "HasClip": true, "Lang": "en", "ObjectID": 195, "Page": 0, "Path": "//Document/Sect[6]/H1", "Text": "Module III: Sequence Alignment ", "TextSize": 12.0}, {"Bounds": [72.02400207519531, 226.00999450683594, 543.0760345458984, 304.72999572753906], "Font": {"alt_family_name": "Franklin Gothic", "embedded": true, "encoding": "WinAnsiEncoding", "family_name": "Franklin Gothic", "font_type": "TrueType", "italic": false, "monospaced": false, "name": "BCDEEE+FranklinGothic-Book", "subset": true, "weight": 400}, "HasClip": true, "Lang": "en", "ObjectID": 196, "Page": 0, "Path": "//Document/Sect[6]/P", "Text": "Practical importance of aligning two or more than 2 genes/ genome sequences, Biological sequences alignment principles, its importance & applications, different alignment techniques (dot matrix, dynamic programming, heuristics), scoring matrices (BLOSUM & PAM), gaps, global versus local sequence alignment, pairwise sequence alignment & its methods, tools of similarity searches (BLAST, PSI-BLAST, & FASTA), multiple sequence alignment (practical issues, methods & tools: Clustal Omega, TCoffee, MUSCLE). ", "TextSize": 12.0}, {"Bounds": [71.85250854492188, 198.5985107421875, 232.39144897460938, 209.62149047851562], "Font": {"alt_family_name": "Franklin Gothic", "embedded": true, "encoding": "WinAnsiEncoding", "family_name": "Franklin Gothic", "font_type": "TrueType", "italic": false, "monospaced": false, "name": "BCDEEE+FranklinGothic-Book", "subset": true, "weight": 400}, "HasClip": true, "Lang": "en", "ObjectID": 197, "Page": 0, "Path": "//Document/Sect[7]/H1", "Text": "Module IV: Genome Annotation ", "TextSize": 12.0}, {"Bounds": [72.02400207519531, 157.94000244140625, 543.1240692138672, 195.86000061035156], "Font": {"alt_family_name": "Franklin Gothic", "embedded": true, "encoding": "WinAnsiEncoding", "family_name": "Franklin Gothic", "font_type": "TrueType", "italic": false, "monospaced": false, "name": "BCDEEE+FranklinGothic-Book", "subset": true, "weight": 400}, "HasClip": true, "Lang": "en", "ObjectID": 198, "Page": 0, "Path": "//Document/Sect[7]/P", "Text": "Why need of genome annotation, Biological basis of gene prediction & its importance, pattern recognition, gene prediction using bioinformatics tools (Ab initio, homology based, statistical & HMM based gene prediction approaches), tools of gene prediction. ", "TextSize": 12.0}, {"Bounds": [71.85250854492188, 130.52850341796875, 315.7974548339844, 141.55149841308594], "Font": {"alt_family_name": "Franklin Gothic", "embedded": true, "encoding": "WinAnsiEncoding", "family_name": "Franklin Gothic", "font_type": "TrueType", "italic": false, "monospaced": false, "name": "BCDEEE+FranklinGothic-Book", "subset": true, "weight": 400}, "HasClip": true, "Lang": "en", "ObjectID": 164, "Page": 0, "Path": "//Document/Sect[8]/H1", "Text": "Module V: RNA and Protein Structure Prediction ", "TextSize": 12.0}, {"Bounds": [72.02400207519531, 76.343994140625, 543.2200469970703, 127.82000732421875], "Font": {"alt_family_name": "Franklin Gothic", "embedded": true, "encoding": "WinAnsiEncoding", "family_name": "Franklin Gothic", "font_type": "TrueType", "italic": false, "monospaced": false, "name": "BCDEEE+FranklinGothic-Book", "subset": true, "weight": 400}, "HasClip": true, "ObjectID": 170, "Page": 0, "Path": "//Document/Sect[8]/P/ParagraphSpan", "Text": "Introduction & importance, secondary structure of RNA, methods of RNA secondary structure prediction & tools. Protein structural hierarchy, super secondary structures, structure determination, protein folding, sequence structure relation, methods of protein secondary structure prediction (ab initio modeling, threading, homology modeling), structure evaluation, ", "TextSize": 12.0}, {"Bounds": [72.02400207519531, 665.9799957275391, 543.0140075683594, 717.4600067138672], "ClipBounds": [72.02400207519531, 665.9799957275391, 543.0140075683594, 717.4600067138672], "Font": {"alt_family_name": "Franklin Gothic", "embedded": true, "encoding": "WinAnsiEncoding", "family_name": "Franklin Gothic", "font_type": "TrueType", "italic": false, "monospaced": false, "name": "BCDEEE+FranklinGothic-Book", "subset": true, "weight": 400}, "HasClip": true, "ObjectID": 127, "Page": 1, "Path": "//Document/Sect[8]/P/ParagraphSpan[2]", "Text": "protein structure visualization tools, structure function relation, protein function prediction, motifs & domains. Introduction, importance & applications of patterns, motifs, and profiles, PROSITE, BLOCKS, PRINTS, Pfam. How to utilize RNA/Protein structures in drug designing and discovery with case studies of commercial importance ", "TextSize": 12.0}, {"Bounds": [71.85250854492188, 638.5685119628906, 233.50755310058594, 649.5914916992188], "ClipBounds": [71.85250854492188, 638.5685119628906, 233.50755310058594, 649.5914916992188], "Font": {"alt_family_name": "Franklin Gothic", "embedded": true, "encoding": "WinAnsiEncoding", "family_name": "Franklin Gothic", "font_type": "TrueType", "italic": false, "monospaced": false, "name": "BCDEEE+FranklinGothic-Book", "subset": true, "weight": 400}, "HasClip": true, "Lang": "en", "ObjectID": 128, "Page": 1, "Path": "//Document/Sect[9]/H1", "Text": "Module VI: Evolutionary studies ", "TextSize": 12.0}, {"Bounds": [72.02400207519531, 611.5, 543.1000061035156, 635.8600006103516], "ClipBounds": [72.02400207519531, 611.5, 543.1000061035156, 635.8600006103516], "Font": {"alt_family_name": "Franklin Gothic", "embedded": true, "encoding": "WinAnsiEncoding", "family_name": "Franklin Gothic", "font_type": "TrueType", "italic": false, "monospaced": false, "name": "BCDEEE+FranklinGothic-Book", "subset": true, "weight": 400}, "HasClip": true, "Lang": "en", "ObjectID": 129, "Page": 1, "Path": "//Document/Sect[9]/P", "Text": "Importance & applications, methods of phylogenetic analysis (distance & character based), tree construction & topologies, tools for tree visualization. ", "TextSize": 12.0}, {"Bounds": [71.85250854492188, 584.2085113525391, 384.1674041748047, 595.2314910888672], "ClipBounds": [71.85250854492188, 584.2085113525391, 384.1674041748047, 595.2314910888672], "Font": {"alt_family_name": "Franklin Gothic", "embedded": true, "encoding": "WinAnsiEncoding", "family_name": "Franklin Gothic", "font_type": "TrueType", "italic": false, "monospaced": false, "name": "BCDEEE+FranklinGothic-Book", "subset": true, "weight": 400}, "HasClip": true, "Lang": "en", "ObjectID": 130, "Page": 1, "Path": "//Document/Sect[10]/H1", "Text": "Module VII: Biological Modelling & Biomedical Image Analysis ", "TextSize": 12.0}, {"Bounds": [72.02400207519531, 543.4600067138672, 543.0219573974609, 581.3800048828125], "ClipBounds": [72.02400207519531, 543.4600067138672, 543.0219573974609, 581.3800048828125], "Font": {"alt_family_name": "Franklin Gothic", "embedded": true, "encoding": "WinAnsiEncoding", "family_name": "Franklin Gothic", "font_type": "TrueType", "italic": false, "monospaced": false, "name": "BCDEEE+FranklinGothic-Book", "subset": true, "weight": 400}, "HasClip": true, "Lang": "en", "ObjectID": 131, "Page": 1, "Path": "//Document/Sect[10]/P", "Text": "Computer models of population dynamics, biochemical kinetics, cell pathways, etc. Morphological image analysis, image classification and image-derived models for sue in clinical decision support systems ", "TextSize": 12.0}, {"Bounds": [71.82350158691406, 513.8018951416016, 205.6045684814453, 526.6985015869141], "ClipBounds": [71.82350158691406, 513.8018951416016, 205.6045684814453, 526.6985015869141], "Font": {"alt_family_name": "Franklin Gothic", "embedded": true, "encoding": "WinAnsiEncoding", "family_name": "Franklin Gothic", "font_type": "TrueType", "italic": false, "monospaced": false, "name": "BCDEEE+FranklinGothic-Book", "subset": true, "weight": 400}, "HasClip": true, "Lang": "en", "ObjectID": 132, "Page": 1, "Path": "//Document/Sect[11]/H1", "Text": "Recommended Books ", "TextSize": 14.039993286132812, "attributes": {"LineHeight": 16.875}}, {"Bounds": [90.02400207519531, 486.7899932861328, 103.19990539550781, 497.4700012207031], "ClipBounds": [90.02400207519531, 486.7899932861328, 103.19990539550781, 497.4700012207031], "Font": {"alt_family_name": "Franklin Gothic", "embedded": true, "encoding": "WinAnsiEncoding", "family_name": "Franklin Gothic", "font_type": "TrueType", "italic": false, "monospaced": false, "name": "BCDEEE+FranklinGothic-Book", "subset": true, "weight": 400}, "HasClip": true, "ObjectID": 133, "Page": 1, "Path": "//Document/Sect[11]/L/LI/Lbl", "Text": "1. ", "TextSize": 12.0}, {"Bounds": [108.02000427246094, 473.22999572753906, 543.2440643310547, 497.4700012207031], "ClipBounds": [108.02000427246094, 473.22999572753906, 543.2440643310547, 497.4700012207031], "Font": {"alt_family_name": "Franklin Gothic", "embedded": true, "encoding": "WinAnsiEncoding", "family_name": "Franklin Gothic", "font_type": "TrueType", "italic": false, "monospaced": false, "name": "BCDEEE+FranklinGothic-Book", "subset": true, "weight": 400}, "HasClip": true, "ObjectID": 134, "Page": 1, "Path": "//Document/Sect[11]/L/LI/LBody", "Text": "Baxevanis, Andreas D., Gary D. Bader, and David S. Wishart, eds. Bioinformatics. John Wiley & Sons, 2020. ", "TextSize": 12.0}, {"Bounds": [90.02400207519531, 459.5500030517578, 103.19990539550781, 470.22999572753906], "ClipBounds": [90.02400207519531, 459.5500030517578, 103.19990539550781, 470.22999572753906], "Font": {"alt_family_name": "Franklin Gothic", "embedded": true, "encoding": "WinAnsiEncoding", "family_name": "Franklin Gothic", "font_type": "TrueType", "italic": false, "monospaced": false, "name": "BCDEEE+FranklinGothic-Book", "subset": true, "weight": 400}, "HasClip": true, "ObjectID": 135, "Page": 1, "Path": "//Document/Sect[11]/L/LI[2]/Lbl", "Text": "2. ", "TextSize": 12.0}, {"Bounds": [108.02000427246094, 445.99000549316406, 543.1840667724609, 470.22999572753906], "ClipBounds": [108.02000427246094, 445.99000549316406, 543.1840667724609, 470.22999572753906], "Font": {"alt_family_name": "Franklin Gothic", "embedded": true, "encoding": "WinAnsiEncoding", "family_name": "Franklin Gothic", "font_type": "TrueType", "italic": false, "monospaced": false, "name": "BCDEEE+FranklinGothic-Book", "subset": true, "weight": 400}, "HasClip": true, "ObjectID": 136, "Page": 1, "Path": "//Document/Sect[11]/L/LI[2]/LBody", "Text": "Zvelebil, Marketa J., and Jeremy O. Baum. Understanding bioinformatics. Garland Science, 2007. ", "TextSize": 12.0}, {"Bounds": [90.02400207519531, 432.42999267578125, 103.19990539550781, 443.11000061035156], "ClipBounds": [90.02400207519531, 432.42999267578125, 103.19990539550781, 443.11000061035156], "Font": {"alt_family_name": "Franklin Gothic", "embedded": true, "encoding": "WinAnsiEncoding", "family_name": "Franklin Gothic", "font_type": "TrueType", "italic": false, "monospaced": false, "name": "BCDEEE+FranklinGothic-Book", "subset": true, "weight": 400}, "HasClip": true, "ObjectID": 137, "Page": 1, "Path": "//Document/Sect[11]/L/LI[3]/Lbl", "Text": "3. ", "TextSize": 12.0}, {"Bounds": [108.02000427246094, 432.42999267578125, 453.11000061035156, 443.11000061035156], "ClipBounds": [108.02000427246094, 432.42999267578125, 453.11000061035156, 443.11000061035156], "Font": {"alt_family_name": "Franklin Gothic", "embedded": true, "encoding": "WinAnsiEncoding", "family_name": "Franklin Gothic", "font_type": "TrueType", "italic": false, "monospaced": false, "name": "BCDEEE+FranklinGothic-Book", "subset": true, "weight": 400}, "HasClip": true, "ObjectID": 138, "Page": 1, "Path": "//Document/Sect[11]/L/LI[3]/LBody", "Text": "Agostino, Michael. Practical Bioinformatics. Garland Science, 2012. ", "TextSize": 12.0}, {"Bounds": [90.02400207519531, 418.75, 103.19990539550781, 429.42999267578125], "ClipBounds": [90.02400207519531, 418.75, 103.19990539550781, 429.42999267578125], "Font": {"alt_family_name": "Franklin Gothic", "embedded": true, "encoding": "WinAnsiEncoding", "family_name": "Franklin Gothic", "font_type": "TrueType", "italic": false, "monospaced": false, "name": "BCDEEE+FranklinGothic-Book", "subset": true, "weight": 400}, "HasClip": true, "ObjectID": 139, "Page": 1, "Path": "//Document/Sect[11]/L/LI[4]/Lbl", "Text": "4. ", "TextSize": 12.0}, {"Bounds": [108.02000427246094, 418.75, 523.8999938964844, 429.42999267578125], "ClipBounds": [108.02000427246094, 418.75, 523.8999938964844, 429.42999267578125], "Font": {"alt_family_name": "Franklin Gothic", "embedded": true, "encoding": "WinAnsiEncoding", "family_name": "Franklin Gothic", "font_type": "TrueType", "italic": false, "monospaced": false, "name": "BCDEEE+FranklinGothic-Book", "subset": true, "weight": 400}, "HasClip": true, "ObjectID": 140, "Page": 1, "Path": "//Document/Sect[11]/L/LI[4]/LBody", "Text": "Tramontano, Anna. Introduction to bioinformatics. Chapman and Hall/CRC, 2007. ", "TextSize": 12.0}, {"Bounds": [90.02400207519531, 405.19000244140625, 103.19990539550781, 415.8699951171875], "ClipBounds": [90.02400207519531, 405.19000244140625, 103.19990539550781, 415.8699951171875], "Font": {"alt_family_name": "Franklin Gothic", "embedded": true, "encoding": "WinAnsiEncoding", "family_name": "Franklin Gothic", "font_type": "TrueType", "italic": false, "monospaced": false, "name": "BCDEEE+FranklinGothic-Book", "subset": true, "weight": 400}, "HasClip": true, "ObjectID": 141, "Page": 1, "Path": "//Document/Sect[11]/L/LI[5]/Lbl", "Text": "5. ", "TextSize": 12.0}, {"Bounds": [108.02000427246094, 405.19000244140625, 543.2019805908203, 415.8699951171875], "ClipBounds": [108.02000427246094, 405.19000244140625, 543.2019805908203, 415.8699951171875], "Font": {"alt_family_name": "Franklin Gothic", "embedded": true, "encoding": "WinAnsiEncoding", "family_name": "Franklin Gothic", "font_type": "TrueType", "italic": false, "monospaced": false, "name": "BCDEEE+FranklinGothic-Book", "subset": true, "weight": 400}, "HasClip": true, "ObjectID": 142, "Page": 1, "Path": "//Document/Sect[11]/L/LI[5]/LBody", "Text": "Pevsner, Jonathan. Bioinformatics and functional genomics. John Wiley & Sons, 2015 ", "TextSize": 12.0}, {"Bounds": [90.02400207519531, 391.50999450683594, 103.19990539550781, 402.19000244140625], "ClipBounds": [90.02400207519531, 391.50999450683594, 103.19990539550781, 402.19000244140625], "Font": {"alt_family_name": "Franklin Gothic", "embedded": true, "encoding": "WinAnsiEncoding", "family_name": "Franklin Gothic", "font_type": "TrueType", "italic": false, "monospaced": false, "name": "BCDEEE+FranklinGothic-Book", "subset": true, "weight": 400}, "HasClip": true, "ObjectID": 143, "Page": 1, "Path": "//Document/Sect[11]/L/LI[6]/Lbl", "Text": "6. ", "TextSize": 12.0}, {"Bounds": [108.02000427246094, 377.9499969482422, 543.0699768066406, 402.19000244140625], "ClipBounds": [108.02000427246094, 377.9499969482422, 543.0699768066406, 402.19000244140625], "Font": {"alt_family_name": "Franklin Gothic", "embedded": true, "encoding": "WinAnsiEncoding", "family_name": "Franklin Gothic", "font_type": "TrueType", "italic": false, "monospaced": false, "name": "BCDEEE+FranklinGothic-Book", "subset": true, "weight": 400}, "HasClip": true, "ObjectID": 144, "Page": 1, "Path": "//Document/Sect[11]/L/LI[6]/LBody", "Text": "Rastogi, S. C., Parag Rastogi, and Namita Mendiratta. Bioinformatics: Methods and Applications-Genomics, Proteomics and Drug Discovery. PHI Learning Pvt. Ltd., 2022. ", "TextSize": 12.0}], "pages": [{"boxes": {"CropBox": [0.0, 0.0, 612.0, 792.0], "MediaBox": [0.0, 0.0, 612.0, 792.0]}, "height": 792.0, "is_scanned": false, "page_number": 0, "rotation": 0, "width": 612.0}, {"boxes": {"CropBox": [0.0, 0.0, 612.0, 792.0], "MediaBox": [0.0, 0.0, 612.0, 792.0]}, "height": 792.0, "is_scanned": false, "page_number": 1, "rotation": 0, "width": 612.0}]}