{"version": {"json_export": "202", "page_segmentation": "5", "schema": "1.1.0", "structure": "1.1085.0", "table_structure": "5"}, "extended_metadata": {"ID_instance": "B5 3F ED 40 C8 B9 B2 11 0A 00 67 45 8B 6B C6 23 ", "ID_permanent": "38 33 20 46 31 20 45 42 20 34 30 20 43 38 20 42 39 20 42 32 20 31 31 20 30 41 20 30 30 20 36 37 20 34 35 20 38 42 20 36 42 20 43 36 20 32 33 20 ", "has_acroform": false, "has_embedded_files": false, "is_XFA": false, "is_certified": false, "is_encrypted": false, "is_digitally_signed": false, "language": "en", "page_count": 1, "pdf_version": "1.6", "pdfa_compliance_level": "", "pdfua_compliance_level": ""}, "elements": [{"Bounds": [222.60000610351562, 686.2200012207031, 397.0399932861328, 718.3639984130859], "Font": {"alt_family_name": "Calibri", "embedded": true, "encoding": "Identity-H", "family_name": "Calibri", "font_type": "CIDFontType2", "italic": false, "monospaced": false, "name": "BCDEEE+Calibri-Light", "subset": true, "weight": 300}, "HasClip": true, "Lang": "en", "ObjectID": 224, "Page": 0, "Path": "//Document/Sect/Title", "Text": "CS3216/AI5203 ", "TextSize": 28.0, "attributes": {"LineHeight": 33.625, "TextAlign": "Center"}}, {"Bounds": [204.8300018310547, 652.1999969482422, 414.3780059814453, 684.343994140625], "Font": {"alt_family_name": "Calibri", "embedded": true, "encoding": "Identity-H", "family_name": "Calibri", "font_type": "CIDFontType2", "italic": false, "monospaced": false, "name": "BCDEEE+Calibri-Light", "subset": true, "weight": 300}, "HasClip": true, "Lang": "en", "ObjectID": 225, "Page": 0, "Path": "//Document/Sect[2]/H1", "Text": "Assignment 2- NLP ", "TextSize": 28.0, "attributes": {"LineHeight": 33.625, "TextAlign": "Center"}}, {"Bounds": [72.02499389648438, 633.0749969482422, 239.7241668701172, 649.9499969482422], "Font": {"alt_family_name": "Calibri", "embedded": true, "encoding": "WinAnsiEncoding", "family_name": "Calibri", "font_type": "TrueType", "italic": false, "monospaced": false, "name": "BCDHEE+Calibri", "subset": true, "weight": 400}, "HasClip": true, "Lang": "en", "ObjectID": 226, "Page": 0, "Path": "//Document/Sect[2]/P", "Text": "Deadline: 4th March, 2024 ", "TextSize": 15.5, "attributes": {"LineHeight": 18.625}}, {"Bounds": [396.1699981689453, 633.0749969482422, 499.40611267089844, 648.5749969482422], "Font": {"alt_family_name": "Calibri", "embedded": true, "encoding": "WinAnsiEncoding", "family_name": "Calibri", "font_type": "TrueType", "italic": false, "monospaced": false, "name": "BCDHEE+Calibri", "subset": true, "weight": 400}, "HasClip": true, "Lang": "en", "ObjectID": 228, "Page": 0, "Path": "//Document/Sect[2]/P[2]", "Text": "Time: 11:59 PM ", "TextSize": 15.5, "attributes": {"LineHeight": 18.625}}, {"Bounds": [72.02499389648438, 604.5749969482422, 183.4741668701172, 620.0749969482422], "Font": {"alt_family_name": "Calibri", "embedded": true, "encoding": "WinAnsiEncoding", "family_name": "Calibri", "font_type": "TrueType", "italic": false, "monospaced": false, "name": "BCDGEE+Calibri-Bold", "subset": true, "weight": 700}, "HasClip": true, "Lang": "en", "ObjectID": 229, "Page": 0, "Path": "//Document/Sect[3]/H1", "Text": "Total Marks: 100 ", "TextSize": 15.5, "attributes": {"LineHeight": 18.625, "SpaceAfter": 9.875}}, {"Bounds": [72.02499389648438, 576.0449981689453, 164.57595825195312, 591.5449981689453], "Font": {"alt_family_name": "Calibri", "embedded": true, "encoding": "WinAnsiEncoding", "family_name": "Calibri", "font_type": "TrueType", "italic": false, "monospaced": false, "name": "BCDGEE+Calibri-Bold", "subset": true, "weight": 700}, "HasClip": true, "Lang": "en", "ObjectID": 170, "Page": 0, "Path": "//Document/Sect[4]/H1", "Text": "Instructions: - ", "TextSize": 15.5, "attributes": {"LineHeight": 18.625, "SpaceAfter": 10.5}}, {"Bounds": [90.05000305175781, 547.5410003662109, 101.05499267578125, 564.8390045166016], "Font": {"alt_family_name": "Symbol", "embedded": true, "encoding": "Identity-H", "family_name": "Symbol MT", "font_type": "CIDFontType2", "italic": false, "monospaced": false, "name": "SymbolMT", "subset": false, "weight": 400}, "HasClip": true, "ObjectID": 221, "Page": 0, "Path": "//Document/Sect[4]/L/LI/Lbl", "Text": "\u2022 ", "TextSize": 15.5}, {"Bounds": [108.05000305175781, 547.0449981689453, 473.21449279785156, 564.8390045166016], "Font": {"alt_family_name": "Calibri", "embedded": true, "encoding": "Identity-H", "family_name": "Calibri", "font_type": "CIDFontType2", "italic": false, "monospaced": false, "name": "BCDIEE+Calibri", "subset": true, "weight": 400}, "HasClip": true, "ObjectID": 222, "Page": 0, "Path": "//Document/Sect[4]/L/LI/LBody", "Text": "Please don\u2019t copy from the internet or any other student. ", "TextSize": 15.5}, {"Bounds": [90.05000305175781, 526.5509948730469, 101.05499267578125, 543.8489990234375], "Font": {"alt_family_name": "Symbol", "embedded": true, "encoding": "Identity-H", "family_name": "Symbol MT", "font_type": "CIDFontType2", "italic": false, "monospaced": false, "name": "SymbolMT", "subset": false, "weight": 400}, "HasClip": true, "ObjectID": 210, "Page": 0, "Path": "//Document/Sect[4]/L/LI[2]/Lbl", "Text": "\u2022 ", "TextSize": 15.5}, {"Bounds": [108.05000305175781, 526.0549926757812, 472.4729461669922, 541.5549926757812], "Font": {"alt_family_name": "Calibri", "embedded": true, "encoding": "WinAnsiEncoding", "family_name": "Calibri", "font_type": "TrueType", "italic": false, "monospaced": false, "name": "BCDHEE+Calibri", "subset": true, "weight": 400}, "HasClip": true, "ObjectID": 212, "Page": 0, "Path": "//Document/Sect[4]/L/LI[2]/LBody/ParagraphSpan", "Text": "Plagiarism will thoroughly be checked for all submissions. ", "TextSize": 15.5}, {"Bounds": [126.05000305175781, 506.02099609375, 139.22500610351562, 523.3190002441406], "Font": {"alt_family_name": "Courier New PSMT", "embedded": true, "encoding": "WinAnsiEncoding", "family_name": "Courier New PSMT", "font_type": "TrueType", "italic": false, "monospaced": false, "name": "BCDJEE+CourierNewPSMT", "subset": true, "weight": 400}, "HasClip": true, "ObjectID": 216, "Page": 0, "Path": "//Document/Sect[4]/L/LI[2]/LBody/L/LI/Lbl", "Text": "o ", "TextSize": 15.5}, {"Bounds": [280.97999572753906, 504.11000061035156, 440.3389434814453, 524.3699951171875], "ClipBounds": [280.97999572753906, 504.11000061035156, 438.6199951171875, 524.3699951171875], "Font": {"alt_family_name": "Calibri", "embedded": true, "encoding": "WinAnsiEncoding", "family_name": "Calibri", "font_type": "TrueType", "italic": false, "monospaced": false, "name": "BCDHEE+Calibri", "subset": true, "weight": 400}, "HasClip": true, "ObjectID": 148, "Page": 0, "Path": "//Document/Sect[4]/L/LI[2]/LBody/L/LI/LBody/StyleSpan/Reference", "Text": "Academic Unfair means. ", "TextSize": 15.5}, {"Bounds": [144.0500030517578, 504.11000061035156, 440.3389434814453, 524.3699951171875], "ClipBounds": [280.97999572753906, 504.11000061035156, 438.6199951171875, 524.3699951171875], "Font": {"alt_family_name": "Calibri", "embedded": true, "encoding": "WinAnsiEncoding", "family_name": "Calibri", "font_type": "TrueType", "italic": false, "monospaced": false, "name": "BCDHEE+Calibri", "subset": true, "weight": 400}, "HasClip": true, "ObjectID": 217, "Page": 0, "Path": "//Document/Sect[4]/L/LI[2]/LBody/L/LI/LBody", "Text": "Refer to the policy on ", "TextSize": 15.5}, {"Bounds": [90.05000305175781, 485.02099609375, 101.05499267578125, 502.3190002441406], "Font": {"alt_family_name": "Symbol", "embedded": true, "encoding": "Identity-H", "family_name": "Symbol MT", "font_type": "CIDFontType2", "italic": false, "monospaced": false, "name": "SymbolMT", "subset": false, "weight": 400}, "HasClip": true, "ObjectID": 207, "Page": 0, "Path": "//Document/Sect[4]/L/LI[3]/Lbl", "Text": "\u2022 ", "TextSize": 15.5}, {"Bounds": [108.05000305175781, 484.5249938964844, 491.6235656738281, 500.0249938964844], "Font": {"alt_family_name": "Calibri", "embedded": true, "encoding": "WinAnsiEncoding", "family_name": "Calibri", "font_type": "TrueType", "italic": false, "monospaced": false, "name": "BCDHEE+Calibri", "subset": true, "weight": 400}, "HasClip": true, "ObjectID": 208, "Page": 0, "Path": "//Document/Sect[4]/L/LI[3]/LBody", "Text": "You may use any libraries such as spacy, nltk, regex libraries. ", "TextSize": 15.5}, {"Bounds": [90.05000305175781, 464.02099609375, 101.05499267578125, 481.3190002441406], "Font": {"alt_family_name": "Symbol", "embedded": true, "encoding": "Identity-H", "family_name": "Symbol MT", "font_type": "CIDFontType2", "italic": false, "monospaced": false, "name": "SymbolMT", "subset": false, "weight": 400}, "HasClip": true, "ObjectID": 204, "Page": 0, "Path": "//Document/Sect[4]/L/LI[4]/Lbl", "Text": "\u2022 ", "TextSize": 15.5}, {"Bounds": [108.05000305175781, 463.5249938964844, 367.24110412597656, 479.0249938964844], "Font": {"alt_family_name": "Calibri", "embedded": true, "encoding": "WinAnsiEncoding", "family_name": "Calibri", "font_type": "TrueType", "italic": false, "monospaced": false, "name": "BCDHEE+Calibri", "subset": true, "weight": 400}, "HasClip": true, "ObjectID": 205, "Page": 0, "Path": "//Document/Sect[4]/L/LI[4]/LBody", "Text": "Allowed Programming Language: Python ", "TextSize": 15.5}, {"Bounds": [90.05000305175781, 443.02099609375, 101.05499267578125, 460.3190002441406], "Font": {"alt_family_name": "Symbol", "embedded": true, "encoding": "Identity-H", "family_name": "Symbol MT", "font_type": "CIDFontType2", "italic": false, "monospaced": false, "name": "SymbolMT", "subset": false, "weight": 400}, "HasClip": true, "ObjectID": 201, "Page": 0, "Path": "//Document/Sect[4]/L/LI[5]/Lbl", "Text": "\u2022 ", "TextSize": 15.5}, {"Bounds": [108.05000305175781, 442.5249938964844, 476.3446044921875, 458.0249938964844], "Font": {"alt_family_name": "Calibri", "embedded": true, "encoding": "WinAnsiEncoding", "family_name": "Calibri", "font_type": "TrueType", "italic": false, "monospaced": false, "name": "BCDHEE+Calibri", "subset": true, "weight": 400}, "HasClip": true, "ObjectID": 202, "Page": 0, "Path": "//Document/Sect[4]/L/LI[5]/LBody", "Text": "It is recommended to use Jupyter Notebook/Google colab ", "TextSize": 15.5}, {"Bounds": [90.05000305175781, 421.7510070800781, 101.05499267578125, 439.0489959716797], "Font": {"alt_family_name": "Symbol", "embedded": true, "encoding": "Identity-H", "family_name": "Symbol MT", "font_type": "CIDFontType2", "italic": false, "monospaced": false, "name": "SymbolMT", "subset": false, "weight": 400}, "HasClip": true, "ObjectID": 223, "Page": 0, "Path": "//Document/Sect[4]/L/LI[6]/Lbl", "Text": "\u2022 ", "TextSize": 15.5}, {"Bounds": [213.61000061035156, 419.75999450683594, 481.6128845214844, 440.8500061035156], "ClipBounds": [213.61000061035156, 419.75999450683594, 480.74000549316406, 440.8500061035156], "Font": {"alt_family_name": "Calibri", "embedded": true, "encoding": "WinAnsiEncoding", "family_name": "Calibri", "font_type": "TrueType", "italic": false, "monospaced": false, "name": "BCDGEE+Calibri-Bold", "subset": true, "weight": 700}, "HasClip": true, "ObjectID": 149, "Page": 0, "Path": "//Document/Sect[4]/L/LI[6]/LBody/StyleSpan/Reference", "Text": "https://forms.office.com/r/dEBaC28Q7X ", "TextSize": 15.5}, {"Bounds": [108.05000305175781, 419.75999450683594, 481.6128845214844, 440.8500061035156], "ClipBounds": [213.61000061035156, 419.75999450683594, 480.74000549316406, 440.8500061035156], "Font": {"alt_family_name": "Calibri", "embedded": true, "encoding": "WinAnsiEncoding", "family_name": "Calibri", "font_type": "TrueType", "italic": false, "monospaced": false, "name": "BCDGEE+Calibri-Bold", "subset": true, "weight": 700}, "HasClip": true, "ObjectID": 165, "Page": 0, "Path": "//Document/Sect[4]/L/LI[6]/LBody", "Text": "Submission link: ", "TextSize": 15.5}, {"Bounds": [90.05000305175781, 400.7510070800781, 101.05499267578125, 418.0489959716797], "Font": {"alt_family_name": "Symbol", "embedded": true, "encoding": "Identity-H", "family_name": "Symbol MT", "font_type": "CIDFontType2", "italic": false, "monospaced": false, "name": "SymbolMT", "subset": false, "weight": 400}, "HasClip": true, "ObjectID": 179, "Page": 0, "Path": "//Document/Sect[4]/L/LI[7]/Lbl", "Text": "\u2022 ", "TextSize": 15.5}, {"Bounds": [108.05000305175781, 400.2550048828125, 497.7735137939453, 415.7550048828125], "Font": {"alt_family_name": "Calibri", "embedded": true, "encoding": "WinAnsiEncoding", "family_name": "Calibri", "font_type": "TrueType", "italic": false, "monospaced": false, "name": "BCDGEE+Calibri-Bold", "subset": true, "weight": 700}, "HasClip": true, "ObjectID": 181, "Page": 0, "Path": "//Document/Sect[4]/L/LI[7]/LBody/ParagraphSpan", "Text": "The format of the submission file should be: RollNo-A2.ipynb ", "TextSize": 15.5}, {"Bounds": [126.05000305175781, 381.48199462890625, 135.39999389648438, 393.75799560546875], "Font": {"alt_family_name": "Courier New PSMT", "embedded": true, "encoding": "WinAnsiEncoding", "family_name": "Courier New PSMT", "font_type": "TrueType", "italic": false, "monospaced": false, "name": "BCDJEE+CourierNewPSMT", "subset": true, "weight": 400}, "HasClip": true, "ObjectID": 185, "Page": 0, "Path": "//Document/Sect[4]/L/LI[7]/LBody/L/LI/Lbl", "Text": "o ", "TextSize": 11.0}, {"Bounds": [144.0500030517578, 380.0050048828125, 407.18255615234375, 395.5050048828125], "Font": {"alt_family_name": "Calibri", "embedded": true, "encoding": "WinAnsiEncoding", "family_name": "Calibri", "font_type": "TrueType", "italic": false, "monospaced": false, "name": "BCDHEE+Calibri", "subset": true, "weight": 400}, "HasClip": true, "ObjectID": 187, "Page": 0, "Path": "//Document/Sect[4]/L/LI[7]/LBody/L/LI/LBody/ParagraphSpan", "Text": "The python notebook file should contain: ", "TextSize": 15.5}, {"Bounds": [144.0500030517578, 359.7550048828125, 152.29595947265625, 375.2550048828125], "Font": {"alt_family_name": "Calibri", "embedded": true, "encoding": "WinAnsiEncoding", "family_name": "Calibri", "font_type": "TrueType", "italic": false, "monospaced": false, "name": "BCDHEE+Calibri", "subset": true, "weight": 400}, "HasClip": true, "ObjectID": 198, "Page": 0, "Path": "//Document/Sect[4]/L/LI[7]/LBody/L/LI/LBody/L/LI/Lbl", "Text": "- ", "TextSize": 15.5}, {"Bounds": [144.0500030517578, 339.4750061035156, 520.1646118164062, 375.2550048828125], "Font": {"alt_family_name": "Calibri", "embedded": true, "encoding": "WinAnsiEncoding", "family_name": "Calibri", "font_type": "TrueType", "italic": false, "monospaced": false, "name": "BCDHEE+Calibri", "subset": true, "weight": 400}, "HasClip": true, "ObjectID": 199, "Page": 0, "Path": "//Document/Sect[4]/L/LI[7]/LBody/L/LI/LBody/L/LI/LBody", "Text": "The code in a step-by-step format with the results of each stage ", "TextSize": 15.5}, {"Bounds": [144.0500030517578, 319.2250061035156, 152.29595947265625, 334.7250061035156], "Font": {"alt_family_name": "Calibri", "embedded": true, "encoding": "WinAnsiEncoding", "family_name": "Calibri", "font_type": "TrueType", "italic": false, "monospaced": false, "name": "BCDHEE+Calibri", "subset": true, "weight": 400}, "HasClip": true, "ObjectID": 196, "Page": 0, "Path": "//Document/Sect[4]/L/LI[7]/LBody/L/LI/LBody/L/LI[2]/Lbl", "Text": "- ", "TextSize": 15.5}, {"Bounds": [152.3300018310547, 319.2250061035156, 377.1219787597656, 334.7250061035156], "Font": {"alt_family_name": "Calibri", "embedded": true, "encoding": "WinAnsiEncoding", "family_name": "Calibri", "font_type": "TrueType", "italic": false, "monospaced": false, "name": "BCDHEE+Calibri", "subset": true, "weight": 400}, "HasClip": true, "ObjectID": 197, "Page": 0, "Path": "//Document/Sect[4]/L/LI[7]/LBody/L/LI/LBody/L/LI[2]/LBody", "Text": "Readable comments for each stage ", "TextSize": 15.5}, {"Bounds": [144.0500030517578, 298.9750061035156, 152.29595947265625, 314.4750061035156], "Font": {"alt_family_name": "Calibri", "embedded": true, "encoding": "WinAnsiEncoding", "family_name": "Calibri", "font_type": "TrueType", "italic": false, "monospaced": false, "name": "BCDHEE+Calibri", "subset": true, "weight": 400}, "HasClip": true, "ObjectID": 193, "Page": 0, "Path": "//Document/Sect[4]/L/LI[7]/LBody/L/LI/LBody/L/LI[3]/Lbl", "Text": "- ", "TextSize": 15.5}, {"Bounds": [152.3300018310547, 298.9750061035156, 472.9170684814453, 314.4750061035156], "Font": {"alt_family_name": "Calibri", "embedded": true, "encoding": "WinAnsiEncoding", "family_name": "Calibri", "font_type": "TrueType", "italic": false, "monospaced": false, "name": "BCDHEE+Calibri", "subset": true, "weight": 400}, "HasClip": true, "ObjectID": 194, "Page": 0, "Path": "//Document/Sect[4]/L/LI[7]/LBody/L/LI/LBody/L/LI[3]/LBody", "Text": "Short 1-2 lines analysis/observations of the results ", "TextSize": 15.5}, {"Bounds": [72.02499389648438, 270.4550018310547, 437.8114471435547, 285.9550018310547], "Font": {"alt_family_name": "Calibri", "embedded": true, "encoding": "WinAnsiEncoding", "family_name": "Calibri", "font_type": "TrueType", "italic": false, "monospaced": false, "name": "BCDGEE+Calibri-Bold", "subset": true, "weight": 700}, "HasClip": true, "Lang": "en", "ObjectID": 230, "Page": 0, "Path": "//Document/Sect[5]/H1", "Text": "Problem Statement: Implement Word2vec from scratch. ", "TextSize": 15.5, "attributes": {"LineHeight": 18.625, "SpaceAfter": 7.875}}, {"Bounds": [90.05000305175781, 242.2050018310547, 104.99183654785156, 257.7050018310547], "Font": {"alt_family_name": "Calibri", "embedded": true, "encoding": "WinAnsiEncoding", "family_name": "Calibri", "font_type": "TrueType", "italic": false, "monospaced": false, "name": "BCDHEE+Calibri", "subset": true, "weight": 400}, "HasClip": true, "ObjectID": 231, "Page": 0, "Path": "//Document/Sect[5]/L/LI/Lbl", "Text": "1. ", "TextSize": 15.5}, {"Bounds": [108.05000305175781, 221.9550018310547, 538.8880920410156, 257.7050018310547], "Font": {"alt_family_name": "Calibri", "embedded": true, "encoding": "WinAnsiEncoding", "family_name": "Calibri", "font_type": "TrueType", "italic": false, "monospaced": false, "name": "BCDHEE+Calibri", "subset": true, "weight": 400}, "HasClip": true, "ObjectID": 232, "Page": 0, "Path": "//Document/Sect[5]/L/LI/LBody", "Text": "Train a neural network to generate word embeddings in the form of a weight matrix. ", "TextSize": 15.5}, {"Bounds": [90.05000305175781, 201.7050018310547, 104.99183654785156, 217.2050018310547], "Font": {"alt_family_name": "Calibri", "embedded": true, "encoding": "WinAnsiEncoding", "family_name": "Calibri", "font_type": "TrueType", "italic": false, "monospaced": false, "name": "BCDHEE+Calibri", "subset": true, "weight": 400}, "HasClip": true, "ObjectID": 233, "Page": 0, "Path": "//Document/Sect[5]/L/LI[2]/Lbl", "Text": "2. ", "TextSize": 15.5}, {"Bounds": [108.05000305175781, 181.4250030517578, 528.4380645751953, 217.2050018310547], "Font": {"alt_family_name": "Calibri", "embedded": true, "encoding": "WinAnsiEncoding", "family_name": "Calibri", "font_type": "TrueType", "italic": false, "monospaced": false, "name": "BCDHEE+Calibri", "subset": true, "weight": 400}, "HasClip": true, "ObjectID": 234, "Page": 0, "Path": "//Document/Sect[5]/L/LI[2]/LBody", "Text": "Embedding layers can be trained to generate custom embeddings in popular neural network libraries like TensorFlow or PyTorch. ", "TextSize": 15.5}, {"Bounds": [90.05000305175781, 161.1750030517578, 104.99183654785156, 176.6750030517578], "Font": {"alt_family_name": "Calibri", "embedded": true, "encoding": "WinAnsiEncoding", "family_name": "Calibri", "font_type": "TrueType", "italic": false, "monospaced": false, "name": "BCDHEE+Calibri", "subset": true, "weight": 400}, "HasClip": true, "ObjectID": 235, "Page": 0, "Path": "//Document/Sect[5]/L/LI[3]/Lbl", "Text": "3. ", "TextSize": 15.5}, {"Bounds": [108.05000305175781, 161.1750030517578, 469.6339569091797, 176.6750030517578], "Font": {"alt_family_name": "Calibri", "embedded": true, "encoding": "WinAnsiEncoding", "family_name": "Calibri", "font_type": "TrueType", "italic": false, "monospaced": false, "name": "BCDHEE+Calibri", "subset": true, "weight": 400}, "HasClip": true, "ObjectID": 236, "Page": 0, "Path": "//Document/Sect[5]/L/LI[3]/LBody", "Text": "You are free to train on large datasets such as Wikipedia. ", "TextSize": 15.5}, {"Bounds": [90.05000305175781, 140.9250030517578, 104.99183654785156, 156.4250030517578], "Font": {"alt_family_name": "Calibri", "embedded": true, "encoding": "WinAnsiEncoding", "family_name": "Calibri", "font_type": "TrueType", "italic": false, "monospaced": false, "name": "BCDHEE+Calibri", "subset": true, "weight": 400}, "HasClip": true, "ObjectID": 237, "Page": 0, "Path": "//Document/Sect[5]/L/LI[4]/Lbl", "Text": "4. ", "TextSize": 15.5}, {"Bounds": [108.05000305175781, 120.67500305175781, 533.5880737304688, 156.4250030517578], "Font": {"alt_family_name": "Calibri", "embedded": true, "encoding": "Identity-H", "family_name": "Calibri", "font_type": "CIDFontType2", "italic": false, "monospaced": false, "name": "BCDIEE+Calibri", "subset": true, "weight": 400}, "HasClip": true, "ObjectID": 238, "Page": 0, "Path": "//Document/Sect[5]/L/LI[4]/LBody", "Text": "Test the semantics, embedding vectors to see relationships such as \u201cking - man + woman = queen.\u201d ", "TextSize": 15.5}, {"Bounds": [252.10000610351562, 88.39999389648438, 409.66717529296875, 103.89999389648438], "Font": {"alt_family_name": "Calibri", "embedded": true, "encoding": "WinAnsiEncoding", "family_name": "Calibri", "font_type": "TrueType", "italic": false, "monospaced": false, "name": "BCDGEE+Calibri-Bold", "subset": true, "weight": 700}, "HasClip": true, "Lang": "en", "ObjectID": 239, "Page": 0, "Path": "//Document/Sect[5]/P", "Text": "---------All the best-------- ", "TextSize": 15.5, "attributes": {"LineHeight": 18.625, "TextAlign": "Center"}}], "pages": [{"boxes": {"CropBox": [0.0, 0.0, 612.0, 792.0], "MediaBox": [0.0, 0.0, 612.0, 792.0]}, "height": 792.0, "is_scanned": false, "page_number": 0, "rotation": 0, "width": 612.0}]}