{"version": {"json_export": "202", "page_segmentation": "5", "schema": "1.1.0", "structure": "1.1085.0", "table_structure": "5"}, "extended_metadata": {"ID_instance": "A1 E8 89 47 C6 B9 B2 11 0A 00 67 45 8B 6B C6 23 ", "ID_permanent": "38 37 20 43 37 20 38 37 20 34 37 20 43 36 20 42 39 20 42 32 20 31 31 20 30 41 20 30 30 20 36 37 20 34 35 20 38 42 20 36 42 20 43 36 20 32 33 20 ", "has_acroform": false, "has_embedded_files": false, "is_XFA": false, "is_certified": false, "is_encrypted": false, "is_digitally_signed": false, "language": "en", "page_count": 2, "pdf_version": "1.6", "pdfa_compliance_level": "", "pdfua_compliance_level": ""}, "elements": [{"Bounds": [42.27000427246094, 753.5959930419922, 92.63800048828125, 796.7859954833984], "ObjectID": 91, "Page": 0, "Path": "//Document/Sect/Figure", "attributes": {"BBox": [42.47829999999885, 753.8139999999839, 92.39619999999923, 796.5319999999774], "Placement": "Block"}}, {"Bounds": [42.27000427246094, 753.5959930419922, 92.63800048828125, 796.7859954833984], "ObjectID": 91, "Page": 0, "Path": "//Document/Sect/Figure", "attributes": {"BBox": [42.47829999999885, 753.8139999999839, 92.39619999999923, 796.5319999999774], "Placement": "Block"}}, {"Bounds": [42.52000427246094, 718.9620056152344, 424.2480010986328, 743.5059967041016], "Font": {"alt_family_name": "Deja Vu Serif Condensed", "embedded": true, "encoding": "Identity-H", "family_name": "Deja Vu Serif Condensed", "font_type": "CIDFontType2", "italic": false, "monospaced": false, "name": "MPDFAA+DejaVuSerifCondensed-Bold", "subset": true, "weight": 700}, "HasClip": false, "Lang": "en", "ObjectID": 92, "Page": 0, "Path": "//Document/Sect/Title", "Text": "INSTITUTE OF RISK MANAGEMENT [HQ: UK] ", "TextSize": 16.0, "attributes": {"LineHeight": 19.25, "SpaceAfter": 6.25}}, {"Bounds": [42.52000427246094, 670.0299987792969, 552.5130004882812, 709.1349945068359], "Font": {"alt_family_name": "Deja Vu Serif Condensed", "embedded": true, "encoding": "Identity-H", "family_name": "Deja Vu Serif Condensed", "font_type": "CIDFontType2", "italic": false, "monospaced": false, "name": "MPDFAA+DejaVuSerifCondensed-Bold", "subset": true, "weight": 700}, "HasClip": false, "Lang": "en", "ObjectID": 93, "Page": 0, "Path": "//Document/Sect[2]/H1", "Text": "IRM INDIA AFFILIATE\u2019S ENTERPRISE RISK MANAGEMENT (ERM) INTEGRATED COURSE REGISTRATION CONFIRMATION SLIP ", "TextSize": 11.0, "attributes": {"LineHeight": 22.375, "SpaceAfter": 18}}, {"Bounds": [42.52000427246094, 625.5240020751953, 203.39500427246094, 642.3979949951172], "Font": {"alt_family_name": "Deja Vu Serif Condensed", "embedded": true, "encoding": "Identity-H", "family_name": "Deja Vu Serif Condensed", "font_type": "CIDFontType2", "italic": false, "monospaced": false, "name": "MPDFAA+DejaVuSerifCondensed-Bold", "subset": true, "weight": 700}, "HasClip": false, "Lang": "en", "ObjectID": 94, "Page": 0, "Path": "//Document/Sect[3]/H1", "Text": "Personal Details as provided ", "TextSize": 11.0, "attributes": {"SpaceAfter": 17}}, {"Bounds": [49.27000427246094, 399.2980041503906, 439.1999969482422, 611.8580017089844], "ObjectID": 127, "Page": 0, "Path": "//Document/Sect[3]/Table", "attributes": {"BBox": [42.47829999999885, 396.1079999999929, 553.0569999999716, 615.0989999999874], "NumCol": 2, "NumRow": 8, "Placement": "Block", "SpaceAfter": 16.625}}, {"Bounds": [49.27000427246094, 597.2980041503906, 88.66000366210938, 611.8580017089844], "ObjectID": 172, "Page": 0, "Path": "//Document/Sect[3]/Table/TR/TH", "attributes": {"BBox": [42.47829999999885, 595.539999999979, 183.95299999999406, 615.0989999999874], "BlockAlign": "Middle", "BorderColor": [[0, 0, 0], null, null, [0, 0, 0]], "BorderStyle": ["Solid", "None", "None", "Solid"], "BorderThickness": [0.875, 0, 0, 0.375], "ColIndex": 0, "Height": 19.5, "InlineAlign": "Start", "RowIndex": 0, "Width": 141.5}}, {"Bounds": [49.27000427246094, 597.2980041503906, 88.66000366210938, 611.8580017089844], "Font": {"alt_family_name": "Deja Vu Serif Condensed", "embedded": true, "encoding": "Identity-H", "family_name": "Deja Vu Serif Condensed", "font_type": "CIDFontType2", "italic": false, "monospaced": false, "name": "MPDFAA+DejaVuSerifCondensed", "subset": true, "weight": 400}, "HasClip": false, "Lang": "en", "ObjectID": 95, "Page": 0, "Path": "//Document/Sect[3]/Table/TR/TH/P", "Text": "Country ", "TextSize": 10.0, "attributes": {"LineHeight": 12}}, {"Bounds": [190.77000427246094, 597.2980041503906, 216.6199951171875, 611.8580017089844], "ObjectID": 173, "Page": 0, "Path": "//Document/Sect[3]/Table/TR/TH[2]", "attributes": {"BBox": [183.11299999999756, 595.179999999993, 553.8969999999972, 615.0989999999874], "BlockAlign": "Middle", "BorderColor": [0, 0, 0], "BorderStyle": "Solid", "BorderThickness": [0.875, 0.375, 0.375, 0.875], "ColIndex": 1, "Height": 19.875, "InlineAlign": "Start", "RowIndex": 0, "Width": 370.75}}, {"Bounds": [190.77000427246094, 597.2980041503906, 216.6199951171875, 611.8580017089844], "Font": {"alt_family_name": "Deja Vu Serif Condensed", "embedded": true, "encoding": "Identity-H", "family_name": "Deja Vu Serif Condensed", "font_type": "CIDFontType2", "italic": false, "monospaced": false, "name": "MPDFAA+DejaVuSerifCondensed", "subset": true, "weight": 400}, "HasClip": false, "Lang": "en", "ObjectID": 96, "Page": 0, "Path": "//Document/Sect[3]/Table/TR/TH[2]/P", "Text": "India ", "TextSize": 10.0, "attributes": {"LineHeight": 12}}, {"Bounds": [49.27000427246094, 578.5480041503906, 108.13999938964844, 593.1080017089844], "ObjectID": 166, "Page": 0, "Path": "//Document/Sect[3]/Table/TR[2]/TD", "attributes": {"BBox": [42.47829999999885, 576.8209999999963, 183.95299999999406, 595.539999999979], "BlockAlign": "Middle", "BorderColor": [null, null, null, [0, 0, 0]], "BorderStyle": ["None", "None", "None", "Solid"], "BorderThickness": [0, 0, 0, 0.375], "ColIndex": 0, "Height": 18.75, "InlineAlign": "Start", "RowIndex": 1, "Width": 141.5}}, {"Bounds": [49.27000427246094, 578.5480041503906, 108.13999938964844, 593.1080017089844], "Font": {"alt_family_name": "Deja Vu Serif Condensed", "embedded": true, "encoding": "Identity-H", "family_name": "Deja Vu Serif Condensed", "font_type": "CIDFontType2", "italic": false, "monospaced": false, "name": "MPDFAA+DejaVuSerifCondensed", "subset": true, "weight": 400}, "HasClip": false, "Lang": "en", "ObjectID": 97, "Page": 0, "Path": "//Document/Sect[3]/Table/TR[2]/TD/P", "Text": "Name in full ", "TextSize": 10.0, "attributes": {"LineHeight": 12}}, {"Bounds": [190.77000427246094, 578.5480041503906, 288.0299987792969, 593.1080017089844], "ObjectID": 167, "Page": 0, "Path": "//Document/Sect[3]/Table/TR[2]/TD[2]", "attributes": {"BBox": [183.11299999999756, 576.4609999999811, 553.8969999999972, 596.0199999999895], "BlockAlign": "Middle", "BorderColor": [0, 0, 0], "BorderStyle": "Solid", "BorderThickness": [0.375, 0.375, 0.375, 0.875], "ColIndex": 1, "Height": 19.5, "InlineAlign": "Start", "RowIndex": 1, "Width": 370.75}}, {"Bounds": [190.77000427246094, 578.5480041503906, 288.0299987792969, 593.1080017089844], "Font": {"alt_family_name": "Deja Vu Serif Condensed", "embedded": true, "encoding": "Identity-H", "family_name": "Deja Vu Serif Condensed", "font_type": "CIDFontType2", "italic": false, "monospaced": false, "name": "MPDFAA+DejaVuSerifCondensed", "subset": true, "weight": 400}, "HasClip": false, "Lang": "en", "ObjectID": 98, "Page": 0, "Path": "//Document/Sect[3]/Table/TR[2]/TD[2]/P", "Text": "Santosh Bhavirisetty ", "TextSize": 10.0, "attributes": {"LineHeight": 12}}, {"Bounds": [49.27000427246094, 532.4179992675781, 173.10000610351562, 558.9779968261719], "ObjectID": 160, "Page": 0, "Path": "//Document/Sect[3]/Table/TR[3]/TD", "attributes": {"BBox": [42.47829999999885, 514.9029999999912, 183.95299999999406, 576.8209999999963], "BlockAlign": "Middle", "BorderColor": [null, null, null, [0, 0, 0]], "BorderStyle": ["None", "None", "None", "Solid"], "BorderThickness": [0, 0, 0, 0.375], "ColIndex": 0, "Height": 61.875, "InlineAlign": "Start", "RowIndex": 2, "Width": 141.5}}, {"Bounds": [49.27000427246094, 532.4179992675781, 173.10000610351562, 558.9779968261719], "Font": {"alt_family_name": "Deja Vu Serif Condensed", "embedded": true, "encoding": "Identity-H", "family_name": "Deja Vu Serif Condensed", "font_type": "CIDFontType2", "italic": false, "monospaced": false, "name": "MPDFAA+DejaVuSerifCondensed", "subset": true, "weight": 400}, "HasClip": false, "Lang": "en", "ObjectID": 99, "Page": 0, "Path": "//Document/Sect[3]/Table/TR[3]/TD/P", "Text": "Registered Personal Email Address ", "TextSize": 10.0, "attributes": {"LineHeight": 12}}, {"Bounds": [190.77000427246094, 538.4179992675781, 339.0299987792969, 552.9779968261719], "ObjectID": 161, "Page": 0, "Path": "//Document/Sect[3]/Table/TR[3]/TD[2]", "attributes": {"BBox": [183.11299999999756, 514.542999999976, 553.8969999999972, 577.3009999999776], "BlockAlign": "Middle", "BorderColor": [0, 0, 0], "BorderStyle": "Solid", "BorderThickness": [0.375, 0.375, 0.375, 0.875], "ColIndex": 1, "Height": 62.75, "InlineAlign": "Start", "RowIndex": 2, "Width": 370.75}}, {"Bounds": [190.77000427246094, 538.4179992675781, 339.0299987792969, 552.9779968261719], "Font": {"alt_family_name": "Deja Vu Serif Condensed", "embedded": true, "encoding": "Identity-H", "family_name": "Deja Vu Serif Condensed", "font_type": "CIDFontType2", "italic": false, "monospaced": false, "name": "MPDFAA+DejaVuSerifCondensed", "subset": true, "weight": 400}, "HasClip": false, "Lang": "en", "ObjectID": 100, "Page": 0, "Path": "//Document/Sect[3]/Table/TR[3]/TD[2]/P", "Text": "santoshbhavirisetty@gmail.com ", "TextSize": 10.0, "attributes": {"LineHeight": 12}}, {"Bounds": [49.27000427246094, 498.2980041503906, 83.24000549316406, 512.8580017089844], "ObjectID": 154, "Page": 0, "Path": "//Document/Sect[3]/Table/TR[4]/TD", "attributes": {"BBox": [42.47829999999885, 496.903999999995, 183.95299999999406, 514.9029999999912], "BlockAlign": "Middle", "BorderColor": [null, null, null, [0, 0, 0]], "BorderStyle": ["None", "None", "None", "Solid"], "BorderThickness": [0, 0, 0, 0.375], "ColIndex": 0, "Height": 18, "InlineAlign": "Start", "RowIndex": 3, "Width": 141.5}}, {"Bounds": [49.27000427246094, 498.2980041503906, 83.24000549316406, 512.8580017089844], "Font": {"alt_family_name": "Deja Vu Serif Condensed", "embedded": true, "encoding": "Identity-H", "family_name": "Deja Vu Serif Condensed", "font_type": "CIDFontType2", "italic": false, "monospaced": false, "name": "MPDFAA+DejaVuSerifCondensed", "subset": true, "weight": 400}, "HasClip": false, "Lang": "en", "ObjectID": 101, "Page": 0, "Path": "//Document/Sect[3]/Table/TR[4]/TD/P", "Text": "Mobile ", "TextSize": 10.0, "attributes": {"LineHeight": 12}}, {"Bounds": [190.77000427246094, 498.2980041503906, 261.9100036621094, 512.8580017089844], "ObjectID": 155, "Page": 0, "Path": "//Document/Sect[3]/Table/TR[4]/TD[2]", "attributes": {"BBox": [183.11299999999756, 496.5439999999944, 553.8969999999972, 515.3829999999725], "BlockAlign": "Middle", "BorderColor": [0, 0, 0], "BorderStyle": "Solid", "BorderThickness": [0.375, 0.375, 0.375, 0.875], "ColIndex": 1, "Height": 18.875, "InlineAlign": "Start", "RowIndex": 3, "Width": 370.75}}, {"Bounds": [190.77000427246094, 498.2980041503906, 261.9100036621094, 512.8580017089844], "Font": {"alt_family_name": "Deja Vu Serif Condensed", "embedded": true, "encoding": "Identity-H", "family_name": "Deja Vu Serif Condensed", "font_type": "CIDFontType2", "italic": false, "monospaced": false, "name": "MPDFAA+DejaVuSerifCondensed", "subset": true, "weight": 400}, "HasClip": false, "Lang": "en", "ObjectID": 102, "Page": 0, "Path": "//Document/Sect[3]/Table/TR[4]/TD[2]/P", "Text": "919392663565 ", "TextSize": 10.0, "attributes": {"LineHeight": 12}}, {"Bounds": [49.27000427246094, 479.5480041503906, 181.5500030517578, 494.1080017089844], "ObjectID": 148, "Page": 0, "Path": "//Document/Sect[3]/Table/TR[5]/TD", "attributes": {"BBox": [42.47829999999885, 466.6649999999936, 183.95299999999406, 496.903999999995], "BlockAlign": "Before", "BorderColor": [null, null, null, [0, 0, 0]], "BorderStyle": ["None", "None", "None", "Solid"], "BorderThickness": [0, 0, 0, 0.375], "ColIndex": 0, "Height": 30.25, "InlineAlign": "Start", "RowIndex": 4, "Width": 141.5}}, {"Bounds": [49.27000427246094, 479.5480041503906, 181.5500030517578, 494.1080017089844], "Font": {"alt_family_name": "Deja Vu Serif Condensed", "embedded": true, "encoding": "Identity-H", "family_name": "Deja Vu Serif Condensed", "font_type": "CIDFontType2", "italic": false, "monospaced": false, "name": "MPDFAA+DejaVuSerifCondensed", "subset": true, "weight": 400}, "HasClip": false, "Lang": "en", "ObjectID": 103, "Page": 0, "Path": "//Document/Sect[3]/Table/TR[5]/TD/P", "Text": "Current Residential Address ", "TextSize": 10.0, "attributes": {"LineHeight": 12}}, {"Bounds": [190.77000427246094, 467.5480041503906, 439.1999969482422, 494.1080017089844], "ObjectID": 149, "Page": 0, "Path": "//Document/Sect[3]/Table/TR[5]/TD[2]", "attributes": {"BBox": [183.11299999999756, 466.304999999993, 553.8969999999972, 497.3839999999909], "BlockAlign": "Middle", "BorderColor": [0, 0, 0], "BorderStyle": "Solid", "BorderThickness": [0.375, 0.375, 0.375, 0.875], "ColIndex": 1, "Height": 31.125, "InlineAlign": "Start", "RowIndex": 4, "Width": 370.75}}, {"Bounds": [190.77000427246094, 467.5480041503906, 439.1999969482422, 494.1080017089844], "Font": {"alt_family_name": "Deja Vu Serif Condensed", "embedded": true, "encoding": "Identity-H", "family_name": "Deja Vu Serif Condensed", "font_type": "CIDFontType2", "italic": false, "monospaced": false, "name": "MPDFAA+DejaVuSerifCondensed", "subset": true, "weight": 400}, "HasClip": false, "Lang": "en", "ObjectID": 104, "Page": 0, "Path": "//Document/Sect[3]/Table/TR[5]/TD[2]/P", "Text": "Hedge vari street,Near SBI Sattenpalle, Sattenapalle, Andhra Pradesh, India 522403 ", "TextSize": 10.0, "attributes": {"LineHeight": 12}}, {"Bounds": [49.27000427246094, 448.7980041503906, 172.05999755859375, 463.3580017089844], "ObjectID": 142, "Page": 0, "Path": "//Document/Sect[3]/Table/TR[6]/TD", "attributes": {"BBox": [42.47829999999885, 447.9459999999963, 183.95299999999406, 466.6649999999936], "BlockAlign": "Middle", "BorderColor": [null, null, null, [0, 0, 0]], "BorderStyle": ["None", "None", "None", "Solid"], "BorderThickness": [0, 0, 0, 0.375], "ColIndex": 0, "Height": 18.75, "InlineAlign": "Start", "RowIndex": 5, "Width": 141.5}}, {"Bounds": [49.27000427246094, 448.7980041503906, 172.05999755859375, 463.3580017089844], "Font": {"alt_family_name": "Deja Vu Serif Condensed", "embedded": true, "encoding": "Identity-H", "family_name": "Deja Vu Serif Condensed", "font_type": "CIDFontType2", "italic": false, "monospaced": false, "name": "MPDFAA+DejaVuSerifCondensed", "subset": true, "weight": 400}, "HasClip": false, "Lang": "en", "ObjectID": 105, "Page": 0, "Path": "//Document/Sect[3]/Table/TR[6]/TD/P", "Text": "College / University Name ", "TextSize": 10.0, "attributes": {"LineHeight": 12}}, {"Bounds": [190.77000427246094, 448.7980041503906, 287.74000549316406, 463.3580017089844], "ObjectID": 143, "Page": 0, "Path": "//Document/Sect[3]/Table/TR[6]/TD[2]", "attributes": {"BBox": [183.11299999999756, 447.5859999999957, 553.8969999999972, 467.1449999999895], "BlockAlign": "Middle", "BorderColor": [0, 0, 0], "BorderStyle": "Solid", "BorderThickness": [0.375, 0.375, 0.375, 0.875], "ColIndex": 1, "Height": 19.5, "InlineAlign": "Start", "RowIndex": 5, "Width": 370.75}}, {"Bounds": [190.77000427246094, 448.7980041503906, 287.74000549316406, 463.3580017089844], "Font": {"alt_family_name": "Deja Vu Serif Condensed", "embedded": true, "encoding": "Identity-H", "family_name": "Deja Vu Serif Condensed", "font_type": "CIDFontType2", "italic": false, "monospaced": false, "name": "MPDFAA+DejaVuSerifCondensed", "subset": true, "weight": 400}, "HasClip": false, "Lang": "en", "ObjectID": 106, "Page": 0, "Path": "//Document/Sect[3]/Table/TR[6]/TD[2]/P", "Text": "Mahindra University ", "TextSize": 10.0, "attributes": {"LineHeight": 12}}, {"Bounds": [49.27000427246094, 430.0480041503906, 127.02999877929688, 444.6080017089844], "ObjectID": 136, "Page": 0, "Path": "//Document/Sect[3]/Table/TR[7]/TD", "attributes": {"BBox": [42.47829999999885, 429.22699999999895, 183.95299999999406, 447.9459999999963], "BlockAlign": "Middle", "BorderColor": [null, null, null, [0, 0, 0]], "BorderStyle": ["None", "None", "None", "Solid"], "BorderThickness": [0, 0, 0, 0.375], "ColIndex": 0, "Height": 18.75, "InlineAlign": "Start", "RowIndex": 6, "Width": 141.5}}, {"Bounds": [49.27000427246094, 430.0480041503906, 127.02999877929688, 444.6080017089844], "Font": {"alt_family_name": "Deja Vu Serif Condensed", "embedded": true, "encoding": "Identity-H", "family_name": "Deja Vu Serif Condensed", "font_type": "CIDFontType2", "italic": false, "monospaced": false, "name": "MPDFAA+DejaVuSerifCondensed", "subset": true, "weight": 400}, "HasClip": false, "Lang": "en", "ObjectID": 107, "Page": 0, "Path": "//Document/Sect[3]/Table/TR[7]/TD/P", "Text": "Degree / Stream ", "TextSize": 10.0, "attributes": {"LineHeight": 12}}, {"Bounds": [190.77000427246094, 430.0480041503906, 272.0800018310547, 444.6080017089844], "ObjectID": 137, "Page": 0, "Path": "//Document/Sect[3]/Table/TR[7]/TD[2]", "attributes": {"BBox": [183.11299999999756, 428.86699999999837, 553.8969999999972, 448.4259999999922], "BlockAlign": "Middle", "BorderColor": [0, 0, 0], "BorderStyle": "Solid", "BorderThickness": [0.375, 0.375, 0.375, 0.875], "ColIndex": 1, "Height": 19.5, "InlineAlign": "Start", "RowIndex": 6, "Width": 370.75}}, {"Bounds": [190.77000427246094, 430.0480041503906, 272.0800018310547, 444.6080017089844], "Font": {"alt_family_name": "Deja Vu Serif Condensed", "embedded": true, "encoding": "Identity-H", "family_name": "Deja Vu Serif Condensed", "font_type": "CIDFontType2", "italic": false, "monospaced": false, "name": "MPDFAA+DejaVuSerifCondensed", "subset": true, "weight": 400}, "HasClip": false, "Lang": "en", "ObjectID": 108, "Page": 0, "Path": "//Document/Sect[3]/Table/TR[7]/TD[2]/P", "Text": "Undergraduation ", "TextSize": 10.0, "attributes": {"LineHeight": 12}}, {"Bounds": [49.27000427246094, 399.2980041503906, 171.16000366210938, 425.8580017089844], "ObjectID": 181, "Page": 0, "Path": "//Document/Sect[3]/Table/TR[8]/TD", "attributes": {"BBox": [42.47829999999885, 396.1079999999929, 183.95299999999406, 429.22699999999895], "BlockAlign": "Middle", "BorderColor": [null, null, null, [0, 0, 0]], "BorderStyle": ["None", "None", "None", "Solid"], "BorderThickness": [0, 0, 0, 0.375], "ColIndex": 0, "Height": 33.125, "InlineAlign": "Start", "RowIndex": 7, "Width": 141.5}}, {"Bounds": [49.27000427246094, 399.2980041503906, 171.16000366210938, 425.8580017089844], "Font": {"alt_family_name": "Deja Vu Serif Condensed", "embedded": true, "encoding": "Identity-H", "family_name": "Deja Vu Serif Condensed", "font_type": "CIDFontType2", "italic": false, "monospaced": false, "name": "MPDFAA+DejaVuSerifCondensed", "subset": true, "weight": 400}, "HasClip": false, "Lang": "en", "ObjectID": 109, "Page": 0, "Path": "//Document/Sect[3]/Table/TR[8]/TD/P", "Text": "Registration Confirmation No. ", "TextSize": 10.0, "attributes": {"LineHeight": 12}}, {"Bounds": [190.77000427246094, 411.2980041503906, 367.61000061035156, 425.8580017089844], "ObjectID": 125, "Page": 0, "Path": "//Document/Sect[3]/Table/TR[8]/TD[2]", "attributes": {"BBox": [183.11299999999756, 395.2679999999964, 553.8969999999972, 429.7069999999949], "BlockAlign": "Before", "BorderColor": [0, 0, 0], "BorderStyle": "Solid", "BorderThickness": [0.375, 0.875, 0.375, 0.875], "ColIndex": 1, "Height": 34.5, "InlineAlign": "Start", "RowIndex": 7, "Width": 370.75}}, {"Bounds": [190.77000427246094, 411.2980041503906, 367.61000061035156, 425.8580017089844], "Font": {"alt_family_name": "Deja Vu Serif Condensed", "embedded": true, "encoding": "Identity-H", "family_name": "Deja Vu Serif Condensed", "font_type": "CIDFontType2", "italic": false, "monospaced": false, "name": "MPDFAA+DejaVuSerifCondensed", "subset": true, "weight": 400}, "HasClip": false, "Lang": "en", "ObjectID": 110, "Page": 0, "Path": "//Document/Sect[3]/Table/TR[8]/TD[2]/P", "Text": "IRMIN/L1CIM/2023/00000000000674 ", "TextSize": 10.0, "attributes": {"LineHeight": 12}}, {"Bounds": [42.52000427246094, 351.1929931640625, 77.84100341796875, 368.06700134277344], "Font": {"alt_family_name": "Deja Vu Serif Condensed", "embedded": true, "encoding": "Identity-H", "family_name": "Deja Vu Serif Condensed", "font_type": "CIDFontType2", "italic": false, "monospaced": false, "name": "MPDFAA+DejaVuSerifCondensed-Bold", "subset": true, "weight": 700}, "HasClip": false, "Lang": "en", "ObjectID": 111, "Page": 0, "Path": "//Document/Sect[4]/H1", "Text": "NOTE ", "TextSize": 11.0}, {"Bounds": [58.44000244140625, 326.08599853515625, 69.52000427246094, 340.64599609375], "Font": {"alt_family_name": "Deja Vu Serif Condensed", "embedded": true, "encoding": "Identity-H", "family_name": "Deja Vu Serif Condensed", "font_type": "CIDFontType2", "italic": false, "monospaced": false, "name": "MPDFAA+DejaVuSerifCondensed", "subset": true, "weight": 400}, "HasClip": false, "ObjectID": 112, "Page": 0, "Path": "//Document/Sect[4]/L/LI/Lbl", "Text": "1. ", "TextSize": 10.0}, {"Bounds": [72.52000427246094, 273.00599670410156, 549.0800018310547, 340.64599609375], "Font": {"alt_family_name": "Deja Vu Serif Condensed", "embedded": true, "encoding": "Identity-H", "family_name": "Deja Vu Serif Condensed", "font_type": "CIDFontType2", "italic": false, "monospaced": false, "name": "MPDFAA+DejaVuSerifCondensed", "subset": true, "weight": 400}, "HasClip": false, "ObjectID": 113, "Page": 0, "Path": "//Document/Sect[4]/L/LI/LBody", "Text": "As a candidate studying the Global ERM Course that covers the IRM\u2019s Level 1 Foundation Exam curriculum, you will get a physical copy of the textbook from your university / college. You can also access the electronic textbook and the international webinar under a Resource Portal, the link to which will be sent to your registered email address. Access to the e-book and international webinar is subject to your registration and other details being verified. ", "TextSize": 10.0}, {"Bounds": [58.44000244140625, 259.7359924316406, 69.52000427246094, 274.29600524902344], "Font": {"alt_family_name": "Deja Vu Serif Condensed", "embedded": true, "encoding": "Identity-H", "family_name": "Deja Vu Serif Condensed", "font_type": "CIDFontType2", "italic": false, "monospaced": false, "name": "MPDFAA+DejaVuSerifCondensed", "subset": true, "weight": 400}, "HasClip": false, "ObjectID": 114, "Page": 0, "Path": "//Document/Sect[4]/L/LI[2]/Lbl", "Text": "2. ", "TextSize": 10.0}, {"Bounds": [72.52000427246094, 233.0659942626953, 540.9299926757812, 274.29600524902344], "Font": {"alt_family_name": "Deja Vu Serif Condensed", "embedded": true, "encoding": "Identity-H", "family_name": "Deja Vu Serif Condensed", "font_type": "CIDFontType2", "italic": false, "monospaced": false, "name": "MPDFAA+DejaVuSerifCondensed", "subset": true, "weight": 400}, "HasClip": false, "ObjectID": 115, "Page": 0, "Path": "//Document/Sect[4]/L/LI[2]/LBody", "Text": "If you complete studying the ERM Course and successfully pass the course examination conducted by your College / University, you are not required to separately appear for IRM\u2019s Global Level 1 ERM Examination. ", "TextSize": 10.0}, {"Bounds": [58.44000244140625, 219.79600524902344, 69.52000427246094, 234.3560028076172], "Font": {"alt_family_name": "Deja Vu Serif Condensed", "embedded": true, "encoding": "Identity-H", "family_name": "Deja Vu Serif Condensed", "font_type": "CIDFontType2", "italic": false, "monospaced": false, "name": "MPDFAA+DejaVuSerifCondensed", "subset": true, "weight": 400}, "HasClip": false, "ObjectID": 116, "Page": 0, "Path": "//Document/Sect[4]/L/LI[3]/Lbl", "Text": "3. ", "TextSize": 10.0}, {"Bounds": [72.52000427246094, 219.79600524902344, 426.69000244140625, 234.3560028076172], "Font": {"alt_family_name": "Deja Vu Serif Condensed", "embedded": true, "encoding": "Identity-H", "family_name": "Deja Vu Serif Condensed", "font_type": "CIDFontType2", "italic": false, "monospaced": false, "name": "MPDFAA+DejaVuSerifCondensed", "subset": true, "weight": 400}, "HasClip": false, "ObjectID": 117, "Page": 0, "Path": "//Document/Sect[4]/L/LI[3]/LBody", "Text": "Your university / college shall be the primary point of contact for all matters. ", "TextSize": 10.0}, {"Bounds": [42.52000427246094, 173.18499755859375, 441.3249969482422, 190.0590057373047], "Font": {"alt_family_name": "Deja Vu Serif Condensed", "embedded": true, "encoding": "Identity-H", "family_name": "Deja Vu Serif Condensed", "font_type": "CIDFontType2", "italic": false, "monospaced": false, "name": "MPDFAA+DejaVuSerifCondensed-Bold", "subset": true, "weight": 700}, "HasClip": false, "Lang": "en", "ObjectID": 80, "Page": 0, "Path": "//Document/Sect[5]/H1", "Text": "INSTRUCTIONS AVAILING THE IRM\u2019s GLOBAL LEVEL 1 CERTIFICATE ", "TextSize": 11.0}, {"Bounds": [58.44000244140625, 148.0780029296875, 69.52000427246094, 162.63800048828125], "Font": {"alt_family_name": "Deja Vu Serif Condensed", "embedded": true, "encoding": "Identity-H", "family_name": "Deja Vu Serif Condensed", "font_type": "CIDFontType2", "italic": false, "monospaced": false, "name": "MPDFAA+DejaVuSerifCondensed", "subset": true, "weight": 400}, "HasClip": false, "ObjectID": 85, "Page": 0, "Path": "//Document/Sect[5]/L/LI/Lbl", "Text": "1. ", "TextSize": 10.0}, {"Bounds": [207.83999633789062, 108.26800537109375, 471.5, 122.8280029296875], "Font": {"alt_family_name": "Deja Vu Serif Condensed", "embedded": true, "encoding": "Identity-H", "family_name": "Deja Vu Serif Condensed", "font_type": "CIDFontType2", "italic": false, "monospaced": false, "name": "MPDFAA+DejaVuSerifCondensed", "subset": true, "weight": 400}, "HasClip": false, "ObjectID": 67, "Page": 0, "Path": "//Document/Sect[5]/L/LI/LBody/StyleSpan/Reference", "Text": "https://www.theirmindia.org/integrated-level-1-certificate", "TextSize": 10.0}, {"Bounds": [72.52000427246094, 81.72900390625, 548.0099945068359, 162.63800048828125], "Font": {"alt_family_name": "Deja Vu Serif Condensed", "embedded": true, "encoding": "Identity-H", "family_name": "Deja Vu Serif Condensed", "font_type": "CIDFontType2", "italic": false, "monospaced": false, "name": "MPDFAA+DejaVuSerifCondensed", "subset": true, "weight": 400}, "HasClip": false, "ObjectID": 86, "Page": 0, "Path": "//Document/Sect[5]/L/LI/LBody", "Text": "Once you have finished studying the ERM Course and successfully passed the examination for this course at your College / University, you can avail the Global Level 1 ERM Certification from IRM (HQ:UK, recognised across 140+ countries) by paying the certification fees. To avail the Global Level 1 ERM Certificate, kindly visit:  to verify your identity and complete the certification process. It is recommended you avail the Level 1 Global ERM certification before registering for IRM\u2019s Level 2 Examination (IRMCert). ", "TextSize": 10.0}, {"Bounds": [58.44000244140625, 51.009002685546875, 69.52000427246094, 65.56900024414062], "Font": {"alt_family_name": "Deja Vu Serif Condensed", "embedded": true, "encoding": "Identity-H", "family_name": "Deja Vu Serif Condensed", "font_type": "CIDFontType2", "italic": false, "monospaced": false, "name": "MPDFAA+DejaVuSerifCondensed", "subset": true, "weight": 400}, "HasClip": false, "ObjectID": 89, "Page": 0, "Path": "//Document/Sect[5]/L/LI[2]/Lbl", "Text": "2. ", "TextSize": 10.0}, {"Bounds": [72.52000427246094, 51.009002685546875, 518.3200073242188, 65.56900024414062], "Font": {"alt_family_name": "Deja Vu Serif Condensed", "embedded": true, "encoding": "Identity-H", "family_name": "Deja Vu Serif Condensed", "font_type": "CIDFontType2", "italic": false, "monospaced": false, "name": "MPDFAA+DejaVuSerifCondensed", "subset": true, "weight": 400}, "HasClip": false, "ObjectID": 90, "Page": 0, "Path": "//Document/Sect[5]/L/LI[2]/LBody/ParagraphSpan", "Text": "For more information on the IRM\u2019s ERM Certification Track recognised globally, please visit this ", "TextSize": 10.0}, {"Bounds": [119.38999938964844, 782.9709930419922, 337.0899963378906, 797.531005859375], "Font": {"alt_family_name": "Deja Vu Serif Condensed", "embedded": true, "encoding": "Identity-H", "family_name": "Deja Vu Serif Condensed", "font_type": "CIDFontType2", "italic": false, "monospaced": false, "name": "MPDFAA+DejaVuSerifCondensed", "subset": true, "weight": 400}, "HasClip": false, "ObjectID": 68, "Page": 1, "Path": "//Document/Sect[5]/L/LI[2]/LBody/P/StyleSpan/Reference", "Text": "https://www.theirmindia.org/certification-track ", "TextSize": 10.0}, {"Bounds": [72.52000427246094, 782.9709930419922, 337.0899963378906, 797.531005859375], "Font": {"alt_family_name": "Deja Vu Serif Condensed", "embedded": true, "encoding": "Identity-H", "family_name": "Deja Vu Serif Condensed", "font_type": "CIDFontType2", "italic": false, "monospaced": false, "name": "MPDFAA+DejaVuSerifCondensed", "subset": true, "weight": 400}, "HasClip": false, "Lang": "en", "ObjectID": 75, "Page": 1, "Path": "//Document/Sect[5]/L/LI[2]/LBody/P", "Text": "webpage: ", "TextSize": 10.0}], "pages": [{"boxes": {"CropBox": [0.0, 0.0, 595.280029296875, 841.8900146484375], "MediaBox": [0.0, 0.0, 595.280029296875, 841.8900146484375]}, "height": 841.8900146484375, "is_scanned": false, "page_number": 0, "rotation": 0, "width": 595.280029296875}, {"boxes": {"CropBox": [0.0, 0.0, 595.280029296875, 841.8900146484375], "MediaBox": [0.0, 0.0, 595.280029296875, 841.8900146484375]}, "height": 841.8900146484375, "is_scanned": false, "page_number": 1, "rotation": 0, "width": 595.280029296875}]}