{"version": {"json_export": "202", "page_segmentation": "5", "schema": "1.1.0", "structure": "1.1085.0", "table_structure": "5"}, "extended_metadata": {"ID_instance": "97 2E B3 2E C5 B9 B2 11 0A 00 67 45 8B 6B C6 23 ", "ID_permanent": "31 30 20 39 35 20 42 31 20 32 45 20 43 35 20 42 39 20 42 32 20 31 31 20 30 41 20 30 30 20 36 37 20 34 35 20 38 42 20 36 42 20 43 36 20 32 33 20 ", "has_acroform": false, "has_embedded_files": false, "is_XFA": false, "is_certified": false, "is_encrypted": false, "is_digitally_signed": false, "language": "en", "page_count": 2, "pdf_version": "1.6", "pdfa_compliance_level": "", "pdfua_compliance_level": ""}, "elements": [{"Bounds": [72.02400207519531, 725.2112731933594, 329.6983184814453, 747.5759124755859], "Font": {"alt_family_name": "Times New Roman PS", "embedded": true, "encoding": "Identity-H", "family_name": "Times New Roman PS", "font_type": "CIDFontType2", "italic": false, "monospaced": false, "name": "TimesNewRomanPS-BoldMT", "subset": false, "weight": 700}, "HasClip": true, "Lang": "en", "ObjectID": 119, "Page": 0, "Path": "//Document/Sect/Title", "Text": "STATEMENT OF PURPOSE ", "TextSize": 20.039993286132812, "attributes": {"LineHeight": 24, "SpaceAfter": 18}}, {"Bounds": [72.02400207519531, 681.1153564453125, 207.09840393066406, 691.1507263183594], "Font": {"alt_family_name": "Times New Roman PSMT", "embedded": true, "encoding": "Identity-H", "family_name": "Times New Roman PSMT", "font_type": "CIDFontType2", "italic": false, "monospaced": false, "name": "TimesNewRomanPSMT", "subset": false, "weight": 400}, "HasClip": true, "Lang": "en", "ObjectID": 120, "Page": 0, "Path": "//Document/Sect/P", "Text": "NAME: Santosh Bhavirisetty  ", "TextSize": 11.039993286132812, "attributes": {"SpaceAfter": 8.5}}, {"Bounds": [72.02400207519531, 659.3732757568359, 196.08047485351562, 671.6939239501953], "Font": {"alt_family_name": "Times New Roman PSMT", "embedded": true, "encoding": "Identity-H", "family_name": "Times New Roman PSMT", "font_type": "CIDFontType2", "italic": false, "monospaced": false, "name": "TimesNewRomanPSMT", "subset": false, "weight": 400}, "HasClip": true, "Lang": "en", "ObjectID": 121, "Page": 0, "Path": "//Document/Sect/P[2]", "Text": "ROLL NO: SE21UCSE035 ", "TextSize": 11.039993286132812, "attributes": {"SpaceAfter": 8.375}}, {"Bounds": [72.02400207519531, 637.7732849121094, 138.5, 650.0939178466797], "Font": {"alt_family_name": "Times New Roman PSMT", "embedded": true, "encoding": "Identity-H", "family_name": "Times New Roman PSMT", "font_type": "CIDFontType2", "italic": false, "monospaced": false, "name": "TimesNewRomanPSMT", "subset": false, "weight": 400}, "HasClip": true, "Lang": "en", "ObjectID": 122, "Page": 0, "Path": "//Document/Sect/P[3]", "Text": "SEC: CSE - 1  ", "TextSize": 11.039993286132812, "attributes": {"SpaceAfter": 18}}, {"Bounds": [72.02400207519531, 594.4532775878906, 204.6696014404297, 606.77392578125], "Font": {"alt_family_name": "Times New Roman PSMT", "embedded": true, "encoding": "Identity-H", "family_name": "Times New Roman PSMT", "font_type": "CIDFontType2", "italic": false, "monospaced": false, "name": "TimesNewRomanPSMT", "subset": false, "weight": 400}, "HasClip": true, "Lang": "en", "ObjectID": 123, "Page": 0, "Path": "//Document/Sect/P[4]", "Text": "Dear Admissions Committee, ", "TextSize": 11.039993286132812, "attributes": {"SpaceAfter": 18}}, {"Bounds": [72.02400207519531, 482.8232727050781, 524.928955078125, 563.4239196777344], "Font": {"alt_family_name": "Times New Roman PSMT", "embedded": true, "encoding": "Identity-H", "family_name": "Times New Roman PSMT", "font_type": "CIDFontType2", "italic": false, "monospaced": false, "name": "TimesNewRomanPSMT", "subset": false, "weight": 400}, "HasClip": true, "Lang": "en", "ObjectID": 124, "Page": 0, "Path": "//Document/Sect/P[5]", "Text": "I am writing to express my keen interest in applying for the Master of Science in Engineering (MSE) in Data Science program at the University of Pennsylvania\u2019s School of Engineering and Applied Science. Currently pursuing a bachelor\u2019s degree in computer science and engineering from Mahindra University, Hyderabad, India, I have been deeply intrigued by the transformative potential of Data Science and Analytics since the outset of my academic journey. It is this fascination that propels me to seek further education in this domain at your esteemed institution. ", "TextSize": 11.039993286132812, "attributes": {"SpaceAfter": 18}}, {"Bounds": [72.02400207519531, 385.00328063964844, 518.5809631347656, 451.9439239501953], "Font": {"alt_family_name": "Times New Roman PSMT", "embedded": true, "encoding": "Identity-H", "family_name": "Times New Roman PSMT", "font_type": "CIDFontType2", "italic": false, "monospaced": false, "name": "TimesNewRomanPSMT", "subset": false, "weight": 400}, "HasClip": true, "Lang": "en", "ObjectID": 125, "Page": 0, "Path": "//Document/Sect/P[6]", "Text": "Driven by a profound appreciation for Data Science's capacity to drive innovation and enact meaningful change, I embarked on my academic journey by mastering programming languages such as C, Python, and Java. Subsequently, I broadened my knowledge through coursework in Machine Learning and Optimization Techniques with AI. This comprehensive foundation positions me well to tackle the rigors of the MSE in Data Science program. ", "TextSize": 11.039993286132812, "attributes": {"SpaceAfter": 18}}, {"Bounds": [72.02400207519531, 273.4032745361328, 518.3159942626953, 354.00392150878906], "Font": {"alt_family_name": "Times New Roman PSMT", "embedded": true, "encoding": "Identity-H", "family_name": "Times New Roman PSMT", "font_type": "CIDFontType2", "italic": false, "monospaced": false, "name": "TimesNewRomanPSMT", "subset": false, "weight": 400}, "HasClip": true, "Lang": "en", "ObjectID": 126, "Page": 0, "Path": "//Document/Sect/P[7]", "Text": "Throughout my undergraduate studies, I have maintained a commendable CGPA of 7.21, a testament to my unwavering dedication and diligence. This academic achievement, coupled with my receipt of the Merit Scholarship for Academic Excellence in the 2023-2024 academic year, underscores my commitment to continuous growth and excellence. My academic trajectory has endowed me with robust analytical and problem-solving skills, indispensable for navigating the complexities of Data Science. ", "TextSize": 11.039993286132812, "attributes": {"SpaceAfter": 18}}, {"Bounds": [72.02400207519531, 161.77328491210938, 519.1771240234375, 240.14071655273438], "Font": {"alt_family_name": "Times New Roman PSMT", "embedded": true, "encoding": "Identity-H", "family_name": "Times New Roman PSMT", "font_type": "CIDFontType2", "italic": false, "monospaced": false, "name": "TimesNewRomanPSMT", "subset": false, "weight": 400}, "HasClip": true, "Lang": "en", "ObjectID": 127, "Page": 0, "Path": "//Document/Sect/P[8]", "Text": "Moreover, I have fortified my theoretical knowledge with practical experience through hands-on projects. For instance, projects such as Synthetic Data Generation using Machine Learning Techniques like GANs and Faker libraries, and Real-time Multi-Modal Emotion Recognition employing Deep Learning and Machine Learning techniques have equipped me with the requisite skills to excel in the program. I aspire to delve deeper into advancing emotion recognition systems to facilitate more intuitive human-computer interactions. ", "TextSize": 11.039993286132812, "attributes": {"SpaceAfter": 18}}, {"Bounds": [72.02400207519531, 77.53727722167969, 521.1091156005859, 130.77392578125], "Font": {"alt_family_name": "Times New Roman PSMT", "embedded": true, "encoding": "Identity-H", "family_name": "Times New Roman PSMT", "font_type": "CIDFontType2", "italic": false, "monospaced": false, "name": "TimesNewRomanPSMT", "subset": false, "weight": 400}, "HasClip": true, "ObjectID": 130, "Page": 0, "Path": "//Document/Sect/P[9]/ParagraphSpan", "Text": "My professional engagements have further enriched my academic voyage by affording me invaluable insights into real-world technology applications. Completing a training program at Corizo has honed my expertise in data cleaning and transformation, while furnishing me with hands-on experience in rapid prototyping and agile methodologies. Additionally, internships and training experiences have ", "TextSize": 11.039993286132812}, {"Bounds": [72.02400207519531, 729.8132781982422, 524.3548736572266, 769.513916015625], "ClipBounds": [72.02400207519531, 729.8132781982422, 524.3548736572266, 769.513916015625], "Font": {"alt_family_name": "Times New Roman PSMT", "embedded": true, "encoding": "Identity-H", "family_name": "Times New Roman PSMT", "font_type": "CIDFontType2", "italic": false, "monospaced": false, "name": "TimesNewRomanPSMT", "subset": false, "weight": 400}, "HasClip": true, "ObjectID": 104, "Page": 1, "Path": "//Document/Sect/P[9]/ParagraphSpan[2]", "Text": "endowed me with crucial insights into the practical applications of data science, fortifying both my technical prowess and my understanding of leveraging data science to devise innovative technological solutions. ", "TextSize": 11.039993286132812}, {"Bounds": [72.02400207519531, 618.3332824707031, 515.7537689208984, 698.9339141845703], "ClipBounds": [72.02400207519531, 618.3332824707031, 515.7537689208984, 698.9339141845703], "Font": {"alt_family_name": "Times New Roman PSMT", "embedded": true, "encoding": "Identity-H", "family_name": "Times New Roman PSMT", "font_type": "CIDFontType2", "italic": false, "monospaced": false, "name": "TimesNewRomanPSMT", "subset": false, "weight": 400}, "HasClip": true, "Lang": "en", "ObjectID": 105, "Page": 1, "Path": "//Document/Sect/P[10]", "Text": "Beyond academic pursuits, I have actively participated in extracurricular activities to hone my skills and broaden my horizons. Serving as the Event Coordinator Head at MU Blockchain Club has deepened my understanding of emerging technologies and their manifold applications. Moreover, as the Organization Committee head for \u00c9tincelle \u2013 Francophone Day, held by Mahindra University in 2023 and 2024, I have honed my leadership and communication skills, fostering a sense of community within the university. ", "TextSize": 11.039993286132812, "attributes": {"SpaceAfter": 18}}, {"Bounds": [72.02400207519531, 520.3832855224609, 519.2875213623047, 585.0407257080078], "ClipBounds": [72.02400207519531, 520.3832855224609, 519.2875213623047, 585.0407257080078], "Font": {"alt_family_name": "Times New Roman PSMT", "embedded": true, "encoding": "Identity-H", "family_name": "Times New Roman PSMT", "font_type": "CIDFontType2", "italic": false, "monospaced": false, "name": "TimesNewRomanPSMT", "subset": false, "weight": 400}, "HasClip": true, "Lang": "en", "ObjectID": 106, "Page": 1, "Path": "//Document/Sect/P[11]", "Text": "The program\u2019s emphasis on analyzing diverse, real-world data employing cutting-edge tools and methodologies resonates deeply with my aspirations. My undergraduate studies in Computer Science and Engineering have furnished me with a robust foundation in programming and related courses, equipping me to handle diverse datasets and deploy advanced analytical techniques to glean actionable insights. ", "TextSize": 11.039993286132812, "attributes": {"SpaceAfter": 18}}, {"Bounds": [72.02400207519531, 422.4632873535156, 525.2601623535156, 487.1207275390625], "ClipBounds": [72.02400207519531, 422.4632873535156, 525.2601623535156, 487.1207275390625], "Font": {"alt_family_name": "Times New Roman PSMT", "embedded": true, "encoding": "Identity-H", "family_name": "Times New Roman PSMT", "font_type": "CIDFontType2", "italic": false, "monospaced": false, "name": "TimesNewRomanPSMT", "subset": false, "weight": 400}, "HasClip": true, "Lang": "en", "ObjectID": 107, "Page": 1, "Path": "//Document/Sect/P[12]", "Text": "Furthermore, the University of Pennsylvania\u2019s vibrant campus atmosphere and its distinguished reputation for innovation and collaboration are immensely appealing to me. Its rich legacy and diverse academic offerings render it an ideal milieu for advancing my studies in Data Science. I eagerly anticipate immersing myself in the campus ethos and engaging with fellow students and esteemed faculty members who share my ardor for data science and analytics. ", "TextSize": 11.039993286132812, "attributes": {"SpaceAfter": 18}}, {"Bounds": [72.02400207519531, 324.5232849121094, 513.3700866699219, 391.4439239501953], "ClipBounds": [72.02400207519531, 324.5232849121094, 513.3700866699219, 391.4439239501953], "Font": {"alt_family_name": "Times New Roman PSMT", "embedded": true, "encoding": "Identity-H", "family_name": "Times New Roman PSMT", "font_type": "CIDFontType2", "italic": false, "monospaced": false, "name": "TimesNewRomanPSMT", "subset": false, "weight": 400}, "HasClip": true, "Lang": "en", "ObjectID": 108, "Page": 1, "Path": "//Document/Sect/P[13]", "Text": "In conclusion, I am enthusiastic about the prospect of pursuing my postgraduate studies at the University of Pennsylvania. I am confident that the Master of Science in Data Science program will endow me with the requisite knowledge and skills to effect positive change in the realm of technology. I sincerely appreciate your consideration of my application and eagerly await the opportunity to contribute to the academic community. ", "TextSize": 11.039993286132812, "attributes": {"SpaceAfter": 18}}, {"Bounds": [72.02400207519531, 281.2032775878906, 266.4604797363281, 293.52392578125], "ClipBounds": [72.02400207519531, 281.2032775878906, 266.4604797363281, 293.52392578125], "Font": {"alt_family_name": "Times New Roman PSMT", "embedded": true, "encoding": "Identity-H", "family_name": "Times New Roman PSMT", "font_type": "CIDFontType2", "italic": false, "monospaced": false, "name": "TimesNewRomanPSMT", "subset": false, "weight": 400}, "HasClip": true, "Lang": "en", "ObjectID": 109, "Page": 1, "Path": "//Document/Sect/P[14]", "Text": "Thank you for your time and consideration. ", "TextSize": 11.039993286132812, "attributes": {"SpaceAfter": 18}}, {"Bounds": [72.02400207519531, 238.02536010742188, 121.20719909667969, 248.0607147216797], "ClipBounds": [72.02400207519531, 238.02536010742188, 121.20719909667969, 248.0607147216797], "Font": {"alt_family_name": "Times New Roman PSMT", "embedded": true, "encoding": "Identity-H", "family_name": "Times New Roman PSMT", "font_type": "CIDFontType2", "italic": false, "monospaced": false, "name": "TimesNewRomanPSMT", "subset": false, "weight": 400}, "HasClip": true, "Lang": "en", "ObjectID": 110, "Page": 1, "Path": "//Document/Sect/P[15]", "Text": "Sincerely,  ", "TextSize": 11.039993286132812, "attributes": {"SpaceAfter": 8.5}}, {"Bounds": [72.02400207519531, 216.27536010742188, 168.9552001953125, 226.3107147216797], "ClipBounds": [72.02400207519531, 216.27536010742188, 168.9552001953125, 226.3107147216797], "Font": {"alt_family_name": "Times New Roman PSMT", "embedded": true, "encoding": "Identity-H", "family_name": "Times New Roman PSMT", "font_type": "CIDFontType2", "italic": false, "monospaced": false, "name": "TimesNewRomanPSMT", "subset": false, "weight": 400}, "HasClip": true, "Lang": "en", "ObjectID": 111, "Page": 1, "Path": "//Document/Sect/P[16]", "Text": "Santosh Bhavirisetty  ", "TextSize": 11.039993286132812, "attributes": {"SpaceAfter": 8.375}}, {"Bounds": [72.02400207519531, 194.6532745361328, 216.61488342285156, 206.9739227294922], "ClipBounds": [72.02400207519531, 194.6532745361328, 216.61488342285156, 206.9739227294922], "Font": {"alt_family_name": "Times New Roman PSMT", "embedded": true, "encoding": "Identity-H", "family_name": "Times New Roman PSMT", "font_type": "CIDFontType2", "italic": false, "monospaced": false, "name": "TimesNewRomanPSMT", "subset": false, "weight": 400}, "HasClip": true, "Lang": "en", "ObjectID": 112, "Page": 1, "Path": "//Document/Sect/P[17]", "Text": "santoshbhavirisetty@gmail.com ", "TextSize": 11.039993286132812}], "pages": [{"boxes": {"CropBox": [0.0, 0.0, 595.3200073242188, 841.9199829101562], "MediaBox": [0.0, 0.0, 595.3200073242188, 841.9199829101562]}, "height": 841.9199829101562, "is_scanned": false, "page_number": 0, "rotation": 0, "width": 595.3200073242188}, {"boxes": {"CropBox": [0.0, 0.0, 595.3200073242188, 841.9199829101562], "MediaBox": [0.0, 0.0, 595.3200073242188, 841.9199829101562]}, "height": 841.9199829101562, "is_scanned": false, "page_number": 1, "rotation": 0, "width": 595.3200073242188}]}