{"version": {"json_export": "202", "page_segmentation": "5", "schema": "1.1.0", "structure": "1.1085.0", "table_structure": "5"}, "extended_metadata": {"ID_instance": "F9 26 2D 43 C6 B9 B2 11 0A 00 67 45 8B 6B C6 23 ", "ID_permanent": "37 44 20 42 45 20 32 42 20 34 33 20 43 36 20 42 39 20 42 32 20 31 31 20 30 41 20 30 30 20 36 37 20 34 35 20 38 42 20 36 42 20 43 36 20 32 33 20 ", "has_acroform": false, "has_embedded_files": false, "is_XFA": false, "is_certified": false, "is_encrypted": false, "is_digitally_signed": false, "language": "en", "page_count": 3, "pdf_version": "1.6", "pdfa_compliance_level": "", "pdfua_compliance_level": ""}, "elements": [{"Bounds": [222.60000610351562, 686.2200012207031, 397.0399932861328, 718.3639984130859], "Font": {"alt_family_name": "Calibri", "embedded": true, "encoding": "Identity-H", "family_name": "Calibri", "font_type": "CIDFontType2", "italic": false, "monospaced": false, "name": "BCDEEE+Calibri-Light", "subset": true, "weight": 300}, "HasClip": true, "Lang": "en", "ObjectID": 321, "Page": 0, "Path": "//Document/Sect/Title", "Text": "CS3216/AI5203 ", "TextSize": 28.0, "attributes": {"LineHeight": 33.625, "TextAlign": "Center"}}, {"Bounds": [162.5800018310547, 652.1999969482422, 457.1479949951172, 684.343994140625], "Font": {"alt_family_name": "Calibri", "embedded": true, "encoding": "Identity-H", "family_name": "Calibri", "font_type": "CIDFontType2", "italic": false, "monospaced": false, "name": "BCDEEE+Calibri-Light", "subset": true, "weight": 300}, "HasClip": true, "Lang": "en", "ObjectID": 322, "Page": 0, "Path": "//Document/Sect[2]/H1", "Text": "In-class Assignment 1- NLP ", "TextSize": 28.0, "attributes": {"LineHeight": 33.625, "SpaceAfter": 18, "TextAlign": "Center"}}, {"Bounds": [72.02499389648438, 582.0449981689453, 255.34503173828125, 598.9199981689453], "Font": {"alt_family_name": "Calibri", "embedded": true, "encoding": "WinAnsiEncoding", "family_name": "Calibri", "font_type": "TrueType", "italic": false, "monospaced": false, "name": "BCDGEE+Calibri", "subset": true, "weight": 400}, "HasClip": true, "Lang": "en", "ObjectID": 323, "Page": 0, "Path": "//Document/Sect[2]/P", "Text": "Deadline: 9th February 2024 ", "TextSize": 15.5, "attributes": {"LineHeight": 18.625}}, {"Bounds": [72.02499389648438, 553.5449981689453, 250.7429656982422, 569.0449981689453], "Font": {"alt_family_name": "Calibri", "embedded": true, "encoding": "WinAnsiEncoding", "family_name": "Calibri", "font_type": "TrueType", "italic": false, "monospaced": false, "name": "BCDGEE+Calibri", "subset": true, "weight": 400}, "HasClip": true, "Lang": "en", "ObjectID": 325, "Page": 0, "Path": "//Document/Sect[2]/P[2]", "Text": "Time: 4:30 pm, 1630 hrs IST ", "TextSize": 15.5, "attributes": {"LineHeight": 18.625}}, {"Bounds": [72.02499389648438, 525.2949981689453, 175.9415283203125, 540.7949981689453], "Font": {"alt_family_name": "Calibri", "embedded": true, "encoding": "WinAnsiEncoding", "family_name": "Calibri", "font_type": "TrueType", "italic": false, "monospaced": false, "name": "BCDGEE+Calibri", "subset": true, "weight": 400}, "HasClip": true, "Lang": "en", "ObjectID": 326, "Page": 0, "Path": "//Document/Sect[3]/H1", "Text": "Total Marks: 40 ", "TextSize": 15.5, "attributes": {"LineHeight": 18.625}}, {"Bounds": [72.02499389648438, 496.7749938964844, 164.57595825195312, 512.2749938964844], "Font": {"alt_family_name": "Calibri", "embedded": true, "encoding": "WinAnsiEncoding", "family_name": "Calibri", "font_type": "TrueType", "italic": false, "monospaced": false, "name": "BCDHEE+Calibri-Bold", "subset": true, "weight": 700}, "HasClip": true, "Lang": "en", "ObjectID": 226, "Page": 0, "Path": "//Document/Sect[4]/H1", "Text": "Instructions: - ", "TextSize": 15.5, "attributes": {"LineHeight": 18.625, "SpaceAfter": 10.5}}, {"Bounds": [90.05000305175781, 468.27099609375, 101.05499267578125, 485.5690002441406], "Font": {"alt_family_name": "Symbol", "embedded": true, "encoding": "Identity-H", "family_name": "Symbol MT", "font_type": "CIDFontType2", "italic": false, "monospaced": false, "name": "SymbolMT", "subset": false, "weight": 400}, "HasClip": true, "ObjectID": 277, "Page": 0, "Path": "//Document/Sect[4]/L/LI/Lbl", "Text": "\u2022 ", "TextSize": 15.5}, {"Bounds": [108.05000305175781, 467.7749938964844, 473.21449279785156, 485.5690002441406], "Font": {"alt_family_name": "Calibri", "embedded": true, "encoding": "Identity-H", "family_name": "Calibri", "font_type": "CIDFontType2", "italic": false, "monospaced": false, "name": "BCDIEE+Calibri", "subset": true, "weight": 400}, "HasClip": true, "ObjectID": 278, "Page": 0, "Path": "//Document/Sect[4]/L/LI/LBody", "Text": "Please don\u2019t copy from the internet or any other student. ", "TextSize": 15.5}, {"Bounds": [90.05000305175781, 447.27099609375, 101.05499267578125, 464.5690002441406], "Font": {"alt_family_name": "Symbol", "embedded": true, "encoding": "Identity-H", "family_name": "Symbol MT", "font_type": "CIDFontType2", "italic": false, "monospaced": false, "name": "SymbolMT", "subset": false, "weight": 400}, "HasClip": true, "ObjectID": 266, "Page": 0, "Path": "//Document/Sect[4]/L/LI[2]/Lbl", "Text": "\u2022 ", "TextSize": 15.5}, {"Bounds": [108.05000305175781, 446.7749938964844, 472.7384490966797, 462.2749938964844], "Font": {"alt_family_name": "Calibri", "embedded": true, "encoding": "WinAnsiEncoding", "family_name": "Calibri", "font_type": "TrueType", "italic": false, "monospaced": false, "name": "BCDGEE+Calibri", "subset": true, "weight": 400}, "HasClip": true, "ObjectID": 268, "Page": 0, "Path": "//Document/Sect[4]/L/LI[2]/LBody/ParagraphSpan", "Text": "Plagiarism will thoroughly be checked for all submissions. ", "TextSize": 15.5}, {"Bounds": [126.05000305175781, 426.7510070800781, 139.22500610351562, 444.0489959716797], "Font": {"alt_family_name": "Courier New PSMT", "embedded": true, "encoding": "WinAnsiEncoding", "family_name": "Courier New PSMT", "font_type": "TrueType", "italic": false, "monospaced": false, "name": "BCDJEE+CourierNewPSMT", "subset": true, "weight": 400}, "HasClip": true, "ObjectID": 272, "Page": 0, "Path": "//Document/Sect[4]/L/LI[2]/LBody/L/LI/Lbl", "Text": "o ", "TextSize": 15.5}, {"Bounds": [280.97999572753906, 424.7799987792969, 440.3389434814453, 445.0399932861328], "ClipBounds": [280.97999572753906, 424.7799987792969, 438.6199951171875, 445.0399932861328], "Font": {"alt_family_name": "Calibri", "embedded": true, "encoding": "WinAnsiEncoding", "family_name": "Calibri", "font_type": "TrueType", "italic": false, "monospaced": false, "name": "BCDGEE+Calibri", "subset": true, "weight": 400}, "HasClip": true, "ObjectID": 186, "Page": 0, "Path": "//Document/Sect[4]/L/LI[2]/LBody/L/LI/LBody/StyleSpan/Reference", "Text": "Academic Unfair means. ", "TextSize": 15.5}, {"Bounds": [144.0500030517578, 424.7799987792969, 440.3389434814453, 445.0399932861328], "ClipBounds": [280.97999572753906, 424.7799987792969, 438.6199951171875, 445.0399932861328], "Font": {"alt_family_name": "Calibri", "embedded": true, "encoding": "WinAnsiEncoding", "family_name": "Calibri", "font_type": "TrueType", "italic": false, "monospaced": false, "name": "BCDGEE+Calibri", "subset": true, "weight": 400}, "HasClip": true, "ObjectID": 273, "Page": 0, "Path": "//Document/Sect[4]/L/LI[2]/LBody/L/LI/LBody", "Text": "Refer to the policy on ", "TextSize": 15.5}, {"Bounds": [90.05000305175781, 405.7510070800781, 101.05499267578125, 423.0489959716797], "Font": {"alt_family_name": "Symbol", "embedded": true, "encoding": "Identity-H", "family_name": "Symbol MT", "font_type": "CIDFontType2", "italic": false, "monospaced": false, "name": "SymbolMT", "subset": false, "weight": 400}, "HasClip": true, "ObjectID": 263, "Page": 0, "Path": "//Document/Sect[4]/L/LI[3]/Lbl", "Text": "\u2022 ", "TextSize": 15.5}, {"Bounds": [108.05000305175781, 405.2550048828125, 491.6235656738281, 420.7550048828125], "Font": {"alt_family_name": "Calibri", "embedded": true, "encoding": "WinAnsiEncoding", "family_name": "Calibri", "font_type": "TrueType", "italic": false, "monospaced": false, "name": "BCDGEE+Calibri", "subset": true, "weight": 400}, "HasClip": true, "ObjectID": 264, "Page": 0, "Path": "//Document/Sect[4]/L/LI[3]/LBody", "Text": "You may use any libraries such as spacy, nltk, regex libraries. ", "TextSize": 15.5}, {"Bounds": [90.05000305175781, 384.7510070800781, 101.05499267578125, 402.0489959716797], "Font": {"alt_family_name": "Symbol", "embedded": true, "encoding": "Identity-H", "family_name": "Symbol MT", "font_type": "CIDFontType2", "italic": false, "monospaced": false, "name": "SymbolMT", "subset": false, "weight": 400}, "HasClip": true, "ObjectID": 260, "Page": 0, "Path": "//Document/Sect[4]/L/LI[4]/Lbl", "Text": "\u2022 ", "TextSize": 15.5}, {"Bounds": [108.05000305175781, 384.2550048828125, 367.24110412597656, 399.7550048828125], "Font": {"alt_family_name": "Calibri", "embedded": true, "encoding": "WinAnsiEncoding", "family_name": "Calibri", "font_type": "TrueType", "italic": false, "monospaced": false, "name": "BCDGEE+Calibri", "subset": true, "weight": 400}, "HasClip": true, "ObjectID": 261, "Page": 0, "Path": "//Document/Sect[4]/L/LI[4]/LBody", "Text": "Allowed Programming Language: Python ", "TextSize": 15.5}, {"Bounds": [90.05000305175781, 363.5010070800781, 101.05499267578125, 380.7989959716797], "Font": {"alt_family_name": "Symbol", "embedded": true, "encoding": "Identity-H", "family_name": "Symbol MT", "font_type": "CIDFontType2", "italic": false, "monospaced": false, "name": "SymbolMT", "subset": false, "weight": 400}, "HasClip": true, "ObjectID": 257, "Page": 0, "Path": "//Document/Sect[4]/L/LI[5]/Lbl", "Text": "\u2022 ", "TextSize": 15.5}, {"Bounds": [108.05000305175781, 363.0050048828125, 476.3446044921875, 378.5050048828125], "Font": {"alt_family_name": "Calibri", "embedded": true, "encoding": "WinAnsiEncoding", "family_name": "Calibri", "font_type": "TrueType", "italic": false, "monospaced": false, "name": "BCDGEE+Calibri", "subset": true, "weight": 400}, "HasClip": true, "ObjectID": 258, "Page": 0, "Path": "//Document/Sect[4]/L/LI[5]/LBody", "Text": "It is recommended to use Jupyter Notebook/Google colab ", "TextSize": 15.5}, {"Bounds": [90.05000305175781, 342.4709930419922, 101.05499267578125, 359.7689971923828], "Font": {"alt_family_name": "Symbol", "embedded": true, "encoding": "Identity-H", "family_name": "Symbol MT", "font_type": "CIDFontType2", "italic": false, "monospaced": false, "name": "SymbolMT", "subset": false, "weight": 400}, "HasClip": true, "ObjectID": 279, "Page": 0, "Path": "//Document/Sect[4]/L/LI[6]/Lbl", "Text": "\u2022 ", "TextSize": 15.5}, {"Bounds": [213.61000061035156, 340.44000244140625, 476.35838317871094, 361.52000427246094], "ClipBounds": [213.61000061035156, 340.44000244140625, 475.0899963378906, 361.52000427246094], "Font": {"alt_family_name": "Calibri", "embedded": true, "encoding": "WinAnsiEncoding", "family_name": "Calibri", "font_type": "TrueType", "italic": false, "monospaced": false, "name": "BCDGEE+Calibri", "subset": true, "weight": 400}, "HasClip": true, "ObjectID": 187, "Page": 0, "Path": "//Document/Sect[4]/L/LI[6]/LBody/StyleSpan/Reference", "Text": "https://forms.gle/aJmFTxm1AVNzpD9dA ", "TextSize": 15.5}, {"Bounds": [108.05000305175781, 340.44000244140625, 476.35838317871094, 361.52000427246094], "ClipBounds": [213.61000061035156, 340.44000244140625, 475.0899963378906, 361.52000427246094], "Font": {"alt_family_name": "Calibri", "embedded": true, "encoding": "WinAnsiEncoding", "family_name": "Calibri", "font_type": "TrueType", "italic": false, "monospaced": false, "name": "BCDHEE+Calibri-Bold", "subset": true, "weight": 700}, "HasClip": true, "ObjectID": 221, "Page": 0, "Path": "//Document/Sect[4]/L/LI[6]/LBody", "Text": "Submission link: ", "TextSize": 15.5}, {"Bounds": [90.05000305175781, 321.4709930419922, 101.05499267578125, 338.7689971923828], "Font": {"alt_family_name": "Symbol", "embedded": true, "encoding": "Identity-H", "family_name": "Symbol MT", "font_type": "CIDFontType2", "italic": false, "monospaced": false, "name": "SymbolMT", "subset": false, "weight": 400}, "HasClip": true, "ObjectID": 235, "Page": 0, "Path": "//Document/Sect[4]/L/LI[7]/Lbl", "Text": "\u2022 ", "TextSize": 15.5}, {"Bounds": [108.05000305175781, 320.9750061035156, 497.7735137939453, 336.4750061035156], "Font": {"alt_family_name": "Calibri", "embedded": true, "encoding": "WinAnsiEncoding", "family_name": "Calibri", "font_type": "TrueType", "italic": false, "monospaced": false, "name": "BCDHEE+Calibri-Bold", "subset": true, "weight": 700}, "HasClip": true, "ObjectID": 237, "Page": 0, "Path": "//Document/Sect[4]/L/LI[7]/LBody/ParagraphSpan", "Text": "The format of the submission file should be: RollNo-A1.ipynb ", "TextSize": 15.5}, {"Bounds": [126.05000305175781, 300.9709930419922, 139.22500610351562, 318.2689971923828], "Font": {"alt_family_name": "Courier New PSMT", "embedded": true, "encoding": "WinAnsiEncoding", "family_name": "Courier New PSMT", "font_type": "TrueType", "italic": false, "monospaced": false, "name": "BCDJEE+CourierNewPSMT", "subset": true, "weight": 400}, "HasClip": true, "ObjectID": 241, "Page": 0, "Path": "//Document/Sect[4]/L/LI[7]/LBody/L/LI/Lbl", "Text": "o ", "TextSize": 15.5}, {"Bounds": [144.0500030517578, 300.4750061035156, 407.18255615234375, 315.9750061035156], "Font": {"alt_family_name": "Calibri", "embedded": true, "encoding": "WinAnsiEncoding", "family_name": "Calibri", "font_type": "TrueType", "italic": false, "monospaced": false, "name": "BCDGEE+Calibri", "subset": true, "weight": 400}, "HasClip": true, "ObjectID": 243, "Page": 0, "Path": "//Document/Sect[4]/L/LI[7]/LBody/L/LI/LBody/ParagraphSpan", "Text": "The python notebook file should contain: ", "TextSize": 15.5}, {"Bounds": [144.0500030517578, 280.2250061035156, 152.29595947265625, 295.7250061035156], "Font": {"alt_family_name": "Calibri", "embedded": true, "encoding": "WinAnsiEncoding", "family_name": "Calibri", "font_type": "TrueType", "italic": false, "monospaced": false, "name": "BCDGEE+Calibri", "subset": true, "weight": 400}, "HasClip": true, "ObjectID": 254, "Page": 0, "Path": "//Document/Sect[4]/L/LI[7]/LBody/L/LI/LBody/L/LI/Lbl", "Text": "- ", "TextSize": 15.5}, {"Bounds": [144.0500030517578, 259.9550018310547, 520.1646118164062, 295.7250061035156], "Font": {"alt_family_name": "Calibri", "embedded": true, "encoding": "WinAnsiEncoding", "family_name": "Calibri", "font_type": "TrueType", "italic": false, "monospaced": false, "name": "BCDGEE+Calibri", "subset": true, "weight": 400}, "HasClip": true, "ObjectID": 255, "Page": 0, "Path": "//Document/Sect[4]/L/LI[7]/LBody/L/LI/LBody/L/LI/LBody", "Text": "The code in a step-by-step format with the results of each stage ", "TextSize": 15.5}, {"Bounds": [144.0500030517578, 239.7050018310547, 152.29595947265625, 255.2050018310547], "Font": {"alt_family_name": "Calibri", "embedded": true, "encoding": "WinAnsiEncoding", "family_name": "Calibri", "font_type": "TrueType", "italic": false, "monospaced": false, "name": "BCDGEE+Calibri", "subset": true, "weight": 400}, "HasClip": true, "ObjectID": 252, "Page": 0, "Path": "//Document/Sect[4]/L/LI[7]/LBody/L/LI/LBody/L/LI[2]/Lbl", "Text": "- ", "TextSize": 15.5}, {"Bounds": [152.3300018310547, 239.7050018310547, 377.1219787597656, 255.2050018310547], "Font": {"alt_family_name": "Calibri", "embedded": true, "encoding": "WinAnsiEncoding", "family_name": "Calibri", "font_type": "TrueType", "italic": false, "monospaced": false, "name": "BCDGEE+Calibri", "subset": true, "weight": 400}, "HasClip": true, "ObjectID": 253, "Page": 0, "Path": "//Document/Sect[4]/L/LI[7]/LBody/L/LI/LBody/L/LI[2]/LBody", "Text": "Readable comments for each stage ", "TextSize": 15.5}, {"Bounds": [144.0500030517578, 219.4550018310547, 152.29595947265625, 234.9550018310547], "Font": {"alt_family_name": "Calibri", "embedded": true, "encoding": "WinAnsiEncoding", "family_name": "Calibri", "font_type": "TrueType", "italic": false, "monospaced": false, "name": "BCDGEE+Calibri", "subset": true, "weight": 400}, "HasClip": true, "ObjectID": 249, "Page": 0, "Path": "//Document/Sect[4]/L/LI[7]/LBody/L/LI/LBody/L/LI[3]/Lbl", "Text": "- ", "TextSize": 15.5}, {"Bounds": [152.3300018310547, 219.4550018310547, 472.9170684814453, 234.9550018310547], "Font": {"alt_family_name": "Calibri", "embedded": true, "encoding": "WinAnsiEncoding", "family_name": "Calibri", "font_type": "TrueType", "italic": false, "monospaced": false, "name": "BCDGEE+Calibri", "subset": true, "weight": 400}, "HasClip": true, "ObjectID": 250, "Page": 0, "Path": "//Document/Sect[4]/L/LI[7]/LBody/L/LI/LBody/L/LI[3]/LBody", "Text": "Short 1-2 lines analysis/observations of the results ", "TextSize": 15.5}, {"Bounds": [72.02499389648438, 701.3450012207031, 205.4644775390625, 716.8450012207031], "ClipBounds": [72.02499389648438, 701.3450012207031, 205.4644775390625, 716.8450012207031], "Font": {"alt_family_name": "Calibri", "embedded": true, "encoding": "WinAnsiEncoding", "family_name": "Calibri", "font_type": "TrueType", "italic": false, "monospaced": false, "name": "BCDHEE+Calibri-Bold", "subset": true, "weight": 700}, "HasClip": true, "Lang": "en", "ObjectID": 206, "Page": 1, "Path": "//Document/Sect[5]/H1", "Text": "Problem Statement: ", "TextSize": 15.5, "attributes": {"LineHeight": 18.625}}, {"Bounds": [72.02499389648438, 592.0449981689453, 543.5034484863281, 688.5950012207031], "ClipBounds": [72.02499389648438, 592.0449981689453, 543.5034484863281, 688.5950012207031], "Font": {"alt_family_name": "Calibri", "embedded": true, "encoding": "WinAnsiEncoding", "family_name": "Calibri", "font_type": "TrueType", "italic": false, "monospaced": false, "name": "BCDGEE+Calibri", "subset": true, "weight": 400}, "HasClip": true, "Lang": "en", "ObjectID": 207, "Page": 1, "Path": "//Document/Sect[5]/P", "Text": "Suppose you're tasked with building a program to analyze text data using regular expressions in Python. Your program needs to preprocess a given text by tokenizing it into individual words, performing normalization such as converting all characters to lowercase, and applying specific regular expression patterns for pattern matching. ", "TextSize": 15.5, "attributes": {"LineHeight": 20.25, "TextAlign": "Justify"}}, {"Bounds": [127.33999633789062, 554.1699981689453, 258.8685760498047, 582.4299926757812], "ClipBounds": [127.33999633789062, 554.1699981689453, 258.8685760498047, 582.4299926757812], "Font": {"alt_family_name": "Calibri", "embedded": true, "encoding": "WinAnsiEncoding", "family_name": "Calibri", "font_type": "TrueType", "italic": false, "monospaced": false, "name": "BCDGEE+Calibri", "subset": true, "weight": 400}, "HasClip": true, "ObjectID": 188, "Page": 1, "Path": "//Document/Sect[5]/P[2]/StyleSpan/Reference", "Text": "Sherlock Holmes.txt ", "TextSize": 15.5}, {"Bounds": [72.02499389648438, 554.1699981689453, 258.8685760498047, 582.4299926757812], "ClipBounds": [72.02499389648438, 554.1699981689453, 258.8685760498047, 582.4299926757812], "Font": {"alt_family_name": "Calibri", "embedded": true, "encoding": "WinAnsiEncoding", "family_name": "Calibri", "font_type": "TrueType", "italic": false, "monospaced": false, "name": "BCDHEE+Calibri-Bold", "subset": true, "weight": 700}, "HasClip": true, "Lang": "en", "ObjectID": 203, "Page": 1, "Path": "//Document/Sect[5]/P[2]", "Text": "Dataset: ", "TextSize": 15.5, "attributes": {"LineHeight": 18.625}}, {"Bounds": [72.02499389648438, 515.2949981689453, 520.110107421875, 551.0449981689453], "ClipBounds": [72.02499389648438, 515.2949981689453, 520.110107421875, 551.0449981689453], "Font": {"alt_family_name": "Calibri", "embedded": true, "encoding": "WinAnsiEncoding", "family_name": "Calibri", "font_type": "TrueType", "italic": false, "monospaced": false, "name": "BCDGEE+Calibri", "subset": true, "weight": 400}, "HasClip": true, "Lang": "en", "ObjectID": 208, "Page": 1, "Path": "//Document/Sect[5]/P[3]", "Text": "Task: Using the Sherlock Holmes.txt file, perform the following tasks in python: ", "TextSize": 15.5}, {"Bounds": [90.05000305175781, 488.1499938964844, 100.65388488769531, 499.1499938964844], "ClipBounds": [90.05000305175781, 488.1499938964844, 100.65388488769531, 499.1499938964844], "Font": {"alt_family_name": "Calibri", "embedded": true, "encoding": "WinAnsiEncoding", "family_name": "Calibri", "font_type": "TrueType", "italic": false, "monospaced": false, "name": "BCDGEE+Calibri", "subset": true, "weight": 400}, "HasClip": true, "ObjectID": 212, "Page": 1, "Path": "//Document/Sect[5]/L/LI/Lbl", "Text": "1. ", "TextSize": 11.0}, {"Bounds": [108.05000305175781, 446.5249938964844, 540.2985687255859, 502.5249938964844], "ClipBounds": [108.05000305175781, 446.5249938964844, 540.2985687255859, 502.5249938964844], "Font": {"alt_family_name": "Calibri", "embedded": true, "encoding": "WinAnsiEncoding", "family_name": "Calibri", "font_type": "TrueType", "italic": false, "monospaced": false, "name": "BCDGEE+Calibri", "subset": true, "weight": 400}, "HasClip": true, "ObjectID": 213, "Page": 1, "Path": "//Document/Sect[5]/L/LI/LBody", "Text": "Design and implement a preprocessing module for the problem that effectively tokenizes the document, normalizes them, and extracts relevant information using regular expressions. [10 marks] ", "TextSize": 13.5}, {"Bounds": [72.02499389648438, 414.0050048828125, 159.36097717285156, 429.5050048828125], "ClipBounds": [72.02499389648438, 414.0050048828125, 159.36097717285156, 429.5050048828125], "Font": {"alt_family_name": "Calibri", "embedded": true, "encoding": "WinAnsiEncoding", "family_name": "Calibri", "font_type": "TrueType", "italic": false, "monospaced": false, "name": "BCDHEE+Calibri-Bold", "subset": true, "weight": 700}, "HasClip": true, "Lang": "en", "ObjectID": 287, "Page": 1, "Path": "//Document/Sect[6]/H1", "Text": "Deliverables: ", "TextSize": 15.5, "attributes": {"LineHeight": 18.625, "SpaceAfter": 11.875}}, {"Bounds": [90.05000305175781, 382.68699645996094, 99.63499450683594, 397.7530059814453], "ClipBounds": [90.05000305175781, 382.68699645996094, 99.63499450683594, 397.7530059814453], "Font": {"alt_family_name": "Symbol", "embedded": true, "encoding": "Identity-H", "family_name": "Symbol MT", "font_type": "CIDFontType2", "italic": false, "monospaced": false, "name": "SymbolMT", "subset": false, "weight": 400}, "HasClip": true, "ObjectID": 318, "Page": 1, "Path": "//Document/Sect[6]/L/LI/Lbl", "Text": "\u2022 ", "TextSize": 13.5}, {"Bounds": [108.05000305175781, 341.2250061035156, 539.7715911865234, 397.2550048828125], "ClipBounds": [108.05000305175781, 341.2250061035156, 539.7715911865234, 397.2550048828125], "Font": {"alt_family_name": "Calibri", "embedded": true, "encoding": "WinAnsiEncoding", "family_name": "Calibri", "font_type": "TrueType", "italic": false, "monospaced": false, "name": "BCDGEE+Calibri", "subset": true, "weight": 400}, "HasClip": true, "ObjectID": 319, "Page": 1, "Path": "//Document/Sect[6]/L/LI/LBody", "Text": "List of all the tokens, stemmed, lemmatized, normalized, and extracted relevant words (you are free to design your own metric to find relevancy of word to document) [10 marks] ", "TextSize": 13.5}, {"Bounds": [90.05000305175781, 308.7209930419922, 101.05499267578125, 326.0189971923828], "ClipBounds": [90.05000305175781, 308.7209930419922, 101.05499267578125, 326.0189971923828], "Font": {"alt_family_name": "Symbol", "embedded": true, "encoding": "Identity-H", "family_name": "Symbol MT", "font_type": "CIDFontType2", "italic": false, "monospaced": false, "name": "SymbolMT", "subset": false, "weight": 400}, "HasClip": true, "ObjectID": 302, "Page": 1, "Path": "//Document/Sect[6]/L/LI[2]/Lbl", "Text": "\u2022 ", "TextSize": 15.5}, {"Bounds": [108.05000305175781, 287.9750061035156, 500.8356170654297, 323.7250061035156], "ClipBounds": [108.05000305175781, 287.9750061035156, 500.8356170654297, 323.7250061035156], "Font": {"alt_family_name": "Calibri", "embedded": true, "encoding": "WinAnsiEncoding", "family_name": "Calibri", "font_type": "TrueType", "italic": false, "monospaced": false, "name": "BCDGEE+Calibri", "subset": true, "weight": 400}, "HasClip": true, "ObjectID": 304, "Page": 1, "Path": "//Document/Sect[6]/L/LI[2]/LBody/ParagraphSpan", "Text": "Plot the analysis of both stemmed and lemmatized words and compare the results: ", "TextSize": 15.5}, {"Bounds": [126.05000305175781, 256.0919952392578, 139.64999389648438, 273.947998046875], "ClipBounds": [126.05000305175781, 256.0919952392578, 139.64999389648438, 273.947998046875], "Font": {"alt_family_name": "Courier New PSMT", "embedded": true, "encoding": "WinAnsiEncoding", "family_name": "Courier New PSMT", "font_type": "TrueType", "italic": false, "monospaced": false, "name": "BCDJEE+CourierNewPSMT", "subset": true, "weight": 400}, "HasClip": true, "ObjectID": 312, "Page": 1, "Path": "//Document/Sect[6]/L/LI[2]/LBody/L/LI/Lbl", "Text": "o ", "TextSize": 16.0}, {"Bounds": [144.0500030517578, 255.7050018310547, 476.6219482421875, 271.2050018310547], "ClipBounds": [144.0500030517578, 255.7050018310547, 476.6219482421875, 271.2050018310547], "Font": {"alt_family_name": "Calibri", "embedded": true, "encoding": "WinAnsiEncoding", "family_name": "Calibri", "font_type": "TrueType", "italic": false, "monospaced": false, "name": "BCDGEE+Calibri", "subset": true, "weight": 400}, "HasClip": true, "ObjectID": 314, "Page": 1, "Path": "//Document/Sect[6]/L/LI[2]/LBody/L/LI/LBody/ParagraphSpan", "Text": "a) Word frequency [10 marks] ", "TextSize": 13.5}, {"Bounds": [147.5500030517578, 228.8300018310547, 410.6149444580078, 239.8300018310547], "ClipBounds": [147.5500030517578, 228.8300018310547, 410.6149444580078, 239.8300018310547], "Font": {"alt_family_name": "Calibri", "embedded": true, "encoding": "WinAnsiEncoding", "family_name": "Calibri", "font_type": "TrueType", "italic": false, "monospaced": false, "name": "BCDHEE+Calibri-Bold", "subset": true, "weight": 700}, "HasClip": true, "Lang": "en", "ObjectID": 315, "Page": 1, "Path": "//Document/Sect[6]/L/LI[2]/LBody/L/LI/LBody/P", "Text": "(Hint: Select the top 10 most commonly occurring words) ", "TextSize": 11.0, "attributes": {"LineHeight": 13.25, "SpaceAfter": 12.25, "TextAlign": "Center"}}, {"Bounds": [126.05000305175781, 197.42100524902344, 139.22500610351562, 214.718994140625], "ClipBounds": [126.05000305175781, 197.42100524902344, 139.22500610351562, 214.718994140625], "Font": {"alt_family_name": "Courier New PSMT", "embedded": true, "encoding": "WinAnsiEncoding", "family_name": "Courier New PSMT", "font_type": "TrueType", "italic": false, "monospaced": false, "name": "BCDJEE+CourierNewPSMT", "subset": true, "weight": 400}, "HasClip": true, "ObjectID": 309, "Page": 1, "Path": "//Document/Sect[6]/L/LI[2]/LBody/L/LI[2]/Lbl", "Text": "o ", "TextSize": 15.5}, {"Bounds": [144.0500030517578, 196.9250030517578, 475.13194274902344, 214.718994140625], "ClipBounds": [144.0500030517578, 196.9250030517578, 475.13194274902344, 214.718994140625], "Font": {"alt_family_name": "Calibri", "embedded": true, "encoding": "WinAnsiEncoding", "family_name": "Calibri", "font_type": "TrueType", "italic": false, "monospaced": false, "name": "BCDGEE+Calibri", "subset": true, "weight": 400}, "HasClip": true, "ObjectID": 310, "Page": 1, "Path": "//Document/Sect[6]/L/LI[2]/LBody/L/LI[2]/LBody", "Text": "b) Most common words ending with \u2018ing\u2019 [10 marks] ", "TextSize": 13.5}, {"Bounds": [72.02499389648438, 148.4250030517578, 118.60255432128906, 163.9250030517578], "ClipBounds": [72.02499389648438, 148.4250030517578, 118.60255432128906, 163.9250030517578], "Font": {"alt_family_name": "Calibri", "embedded": true, "encoding": "WinAnsiEncoding", "family_name": "Calibri", "font_type": "TrueType", "italic": false, "monospaced": false, "name": "BCDGEE+Calibri", "subset": true, "weight": 400}, "HasClip": true, "Lang": "en", "ObjectID": 289, "Page": 1, "Path": "//Document/Sect[6]/P", "Text": "Bonus: ", "TextSize": 15.5, "attributes": {"LineHeight": 18.625}}, {"Bounds": [406.6699981689453, 148.9250030517578, 468.1219482421875, 162.4250030517578], "ClipBounds": [406.6699981689453, 148.9250030517578, 468.1219482421875, 162.4250030517578], "Font": {"alt_family_name": "Calibri", "embedded": true, "encoding": "WinAnsiEncoding", "family_name": "Calibri", "font_type": "TrueType", "italic": false, "monospaced": false, "name": "BCDGEE+Calibri", "subset": true, "weight": 400}, "HasClip": true, "Lang": "en", "ObjectID": 290, "Page": 1, "Path": "//Document/Sect[6]/P[2]", "Text": "[15 marks] ", "TextSize": 13.5, "attributes": {"LineHeight": 16.25}}, {"Bounds": [90.05000305175781, 119.92500305175781, 104.99183654785156, 135.4250030517578], "ClipBounds": [90.05000305175781, 119.92500305175781, 104.99183654785156, 135.4250030517578], "Font": {"alt_family_name": "Calibri", "embedded": true, "encoding": "WinAnsiEncoding", "family_name": "Calibri", "font_type": "TrueType", "italic": false, "monospaced": false, "name": "BCDGEE+Calibri", "subset": true, "weight": 400}, "HasClip": true, "ObjectID": 295, "Page": 1, "Path": "//Document/Sect[6]/L[2]/LI/Lbl", "Text": "2. ", "TextSize": 15.5}, {"Bounds": [108.05000305175781, 79.39999389648438, 542.0189666748047, 135.4250030517578], "ClipBounds": [108.05000305175781, 79.39999389648438, 542.0189666748047, 135.4250030517578], "Font": {"alt_family_name": "Calibri", "embedded": true, "encoding": "WinAnsiEncoding", "family_name": "Calibri", "font_type": "TrueType", "italic": false, "monospaced": false, "name": "BCDGEE+Calibri", "subset": true, "weight": 400}, "HasClip": true, "ObjectID": 296, "Page": 1, "Path": "//Document/Sect[6]/L[2]/LI/LBody", "Text": "Identify and address the difficulties associated with building the preprocessing module, such as designing robust regular expressions, handling linguistic variations, and optimizing for efficiency. ", "TextSize": 15.5}, {"Bounds": [90.05000305175781, 701.3450012207031, 104.99183654785156, 716.8450012207031], "Font": {"alt_family_name": "Calibri", "embedded": true, "encoding": "WinAnsiEncoding", "family_name": "Calibri", "font_type": "TrueType", "italic": false, "monospaced": false, "name": "BCDGEE+Calibri", "subset": true, "weight": 400}, "HasClip": true, "ObjectID": 280, "Page": 2, "Path": "//Document/Sect[6]/L[2]/LI[2]/Lbl", "Text": "3. ", "TextSize": 15.5}, {"Bounds": [108.05000305175781, 660.8249969482422, 536.8419799804688, 716.8450012207031], "Font": {"alt_family_name": "Calibri", "embedded": true, "encoding": "WinAnsiEncoding", "family_name": "Calibri", "font_type": "TrueType", "italic": false, "monospaced": false, "name": "BCDGEE+Calibri", "subset": true, "weight": 400}, "HasClip": true, "ObjectID": 281, "Page": 2, "Path": "//Document/Sect[6]/L[2]/LI[2]/LBody", "Text": "Test the preprocessing module and discuss potential strategies for mitigating the identified difficulties and improving the performance of the preprocessing module in a real-world scenario. ", "TextSize": 15.5}, {"Bounds": [229.10000610351562, 628.5749969482422, 386.66717529296875, 644.0749969482422], "ObjectID": 282, "Page": 2, "Path": "//Document/Sect[6]/Figure", "attributes": {"BBox": [229.07099999999627, 632.4059999999881, 383.1439999999857, 641.4059999999881], "Placement": "Block"}}, {"Bounds": [229.10000610351562, 628.5749969482422, 386.66717529296875, 644.0749969482422], "Font": {"alt_family_name": "Calibri", "embedded": true, "encoding": "WinAnsiEncoding", "family_name": "Calibri", "font_type": "TrueType", "italic": false, "monospaced": false, "name": "BCDHEE+Calibri-Bold", "subset": true, "weight": 700}, "HasClip": true, "ObjectID": 282, "Page": 2, "Path": "//Document/Sect[6]/Figure", "Text": "---------All the best-------- ", "TextSize": 15.5, "attributes": {"BBox": [229.07099999999627, 632.4059999999881, 383.1439999999857, 641.4059999999881], "Placement": "Block"}}], "pages": [{"boxes": {"CropBox": [0.0, 0.0, 612.0, 792.0], "MediaBox": [0.0, 0.0, 612.0, 792.0]}, "height": 792.0, "is_scanned": false, "page_number": 0, "rotation": 0, "width": 612.0}, {"boxes": {"CropBox": [0.0, 0.0, 612.0, 792.0], "MediaBox": [0.0, 0.0, 612.0, 792.0]}, "height": 792.0, "is_scanned": false, "page_number": 1, "rotation": 0, "width": 612.0}, {"boxes": {"CropBox": [0.0, 0.0, 612.0, 792.0], "MediaBox": [0.0, 0.0, 612.0, 792.0]}, "height": 792.0, "is_scanned": false, "page_number": 2, "rotation": 0, "width": 612.0}]}